label,Beacon_1,Beacon_2,Beacon_3,Beacon_4,Beacon_5,Beacon_6,Beacon_7
12.0,0.525,0.625,0.5652173913043478,0.6097560975609756,0.2682926829268293,0.3829787234042553,0.8125
15.0,0.475,0.6458333333333334,0.6521739130434783,0.8048780487804879,0.4634146341463415,0.3404255319148936,0.875
18.0,0.625,0.6041666666666666,0.5869565217391305,0.3902439024390244,0.4878048780487805,0.4042553191489361,0.7083333333333334
36.0,0.8,0.6041666666666666,0.8913043478260869,0.6829268292682927,0.6585365853658537,0.425531914893617,0.5416666666666666
36.0,0.8,0.6041666666666666,0.8913043478260869,0.6829268292682927,0.6585365853658537,0.425531914893617,0.5416666666666666
18.0,0.625,0.6041666666666666,0.5869565217391305,0.3902439024390244,0.4878048780487805,0.4042553191489361,0.7083333333333334
15.0,0.475,0.6458333333333334,0.6521739130434783,0.8048780487804879,0.4634146341463415,0.3404255319148936,0.875
12.0,0.525,0.625,0.5652173913043478,0.6097560975609756,0.2682926829268293,0.3829787234042553,0.8125
