label,Beacon_1,Beacon_2,Beacon_3,Beacon_4,Beacon_5,Beacon_6,Beacon_7
2.0,0.6,0.9166666666666666,0.2391304347826087,0.3170731707317073,0.4146341463414634,0.1063829787234042,0.4791666666666667
5.0,0.5,0.5833333333333334,0.391304347826087,0.1951219512195122,0.4878048780487805,0.4042553191489361,0.5625
8.0,0.65,0.3333333333333333,0.6739130434782609,0.2195121951219512,0.5853658536585366,0.3617021276595745,0.3333333333333333
31.0,0.95,0.6875,0.6739130434782609,0.3658536585365853,0.4146341463414634,0.2127659574468085,0.2708333333333333
31.0,0.95,0.6875,0.6739130434782609,0.3658536585365853,0.4146341463414634,0.2127659574468085,0.2708333333333333
8.0,0.65,0.3333333333333333,0.6739130434782609,0.2195121951219512,0.5853658536585366,0.3617021276595745,0.3333333333333333
5.0,0.5,0.5833333333333334,0.391304347826087,0.1951219512195122,0.4878048780487805,0.4042553191489361,0.5625
2.0,0.6,0.9166666666666666,0.2391304347826087,0.3170731707317073,0.4146341463414634,0.1063829787234042,0.4791666666666667
