label,Beacon_1,Beacon_2,Beacon_3,Beacon_4,Beacon_5,Beacon_6,Beacon_7
22.0,0.35,0.4791666666666667,0.3478260869565217,0.3170731707317073,0.2926829268292683,0.7021276595744681,0.375
25.0,0.475,0.4791666666666667,0.3478260869565217,0.6585365853658537,0.4390243902439024,0.6170212765957447,0.4791666666666667
28.0,0.3,0.2916666666666667,0.4347826086956521,0.5121951219512195,0.5121951219512195,0.5319148936170213,0.375
41.0,0.05,0.2291666666666666,0.5434782608695652,0.1707317073170731,0.7804878048780488,0.6595744680851063,0.3541666666666667
41.0,0.05,0.2291666666666666,0.5434782608695652,0.1707317073170731,0.7804878048780488,0.6595744680851063,0.3541666666666667
28.0,0.3,0.2916666666666667,0.4347826086956521,0.5121951219512195,0.5121951219512195,0.5319148936170213,0.375
25.0,0.475,0.4791666666666667,0.3478260869565217,0.6585365853658537,0.4390243902439024,0.6170212765957447,0.4791666666666667
22.0,0.35,0.4791666666666667,0.3478260869565217,0.3170731707317073,0.2926829268292683,0.7021276595744681,0.375
