label,Beacon_1,Beacon_2,Beacon_3,Beacon_4,Beacon_5,Beacon_6,Beacon_7
22.0,0.4358974358974359,0.2765957446808511,0.2222222222222222,0.5263157894736842,0.5555555555555556,0.7735849056603774,0.3095238095238095
25.0,0.358974358974359,0.5106382978723404,0.5555555555555556,0.3421052631578947,0.3611111111111111,0.6792452830188679,0.3571428571428571
28.0,0.3846153846153846,0.5319148936170213,0.4,0.3157894736842105,0.5555555555555556,0.5660377358490566,0.3333333333333333
41.0,0.7948717948717948,0.4893617021276595,0.4222222222222222,0.4736842105263157,0.4444444444444444,0.5849056603773585,0.3571428571428571
41.0,0.7948717948717948,0.4893617021276595,0.4222222222222222,0.4736842105263157,0.4444444444444444,0.5849056603773585,0.3571428571428571
28.0,0.3846153846153846,0.5319148936170213,0.4,0.3157894736842105,0.5555555555555556,0.5660377358490566,0.3333333333333333
25.0,0.358974358974359,0.5106382978723404,0.5555555555555556,0.3421052631578947,0.3611111111111111,0.6792452830188679,0.3571428571428571
22.0,0.4358974358974359,0.2765957446808511,0.2222222222222222,0.5263157894736842,0.5555555555555556,0.7735849056603774,0.3095238095238095
