label,Beacon_1,Beacon_2,Beacon_3,Beacon_4,Beacon_5,Beacon_6,Beacon_7
2.0,0.5897435897435898,0.8085106382978723,0.5333333333333333,0.5263157894736842,0.5333333333333334,0.320754716981132,0.2857142857142857
5.0,0.3333333333333333,0.4680851063829787,0.2666666666666666,0.4736842105263157,0.4444444444444444,0.4528301886792453,0.3571428571428571
8.0,0.6410256410256411,0.5531914893617021,0.7777777777777778,0.3421052631578947,0.3611111111111111,0.1509433962264151,0.3095238095238095
31.0,0.5641025641025641,0.6170212765957447,0.6888888888888889,0.5263157894736842,0.6388888888888888,0.3773584905660377,0.2857142857142857
31.0,0.5641025641025641,0.6170212765957447,0.6888888888888889,0.5263157894736842,0.6388888888888888,0.3773584905660377,0.2857142857142857
8.0,0.6410256410256411,0.5531914893617021,0.7777777777777778,0.3421052631578947,0.3611111111111111,0.1509433962264151,0.3095238095238095
5.0,0.3333333333333333,0.4680851063829787,0.2666666666666666,0.4736842105263157,0.4444444444444444,0.4528301886792453,0.3571428571428571
2.0,0.5897435897435898,0.8085106382978723,0.5333333333333333,0.5263157894736842,0.5333333333333334,0.320754716981132,0.2857142857142857
