label,Beacon_1,Beacon_2,Beacon_3,Beacon_4,Beacon_5,Beacon_6,Beacon_7
12.0,0.358974358974359,0.5957446808510638,0.5111111111111111,0.7631578947368421,0.1388888888888889,0.4339622641509434,0.3571428571428571
15.0,0.5897435897435898,0.4893617021276595,0.6222222222222222,0.7631578947368421,0.5555555555555556,0.320754716981132,0.7857142857142857
18.0,0.717948717948718,0.425531914893617,0.6,0.5263157894736842,0.5277777777777778,0.3773584905660377,0.8571428571428571
36.0,0.6666666666666666,0.6170212765957447,0.7111111111111111,0.3947368421052631,0.3611111111111111,0.3962264150943396,0.3809523809523809
36.0,0.6666666666666666,0.6170212765957447,0.7111111111111111,0.3947368421052631,0.3611111111111111,0.3962264150943396,0.3809523809523809
18.0,0.717948717948718,0.425531914893617,0.6,0.5263157894736842,0.5277777777777778,0.3773584905660377,0.8571428571428571
15.0,0.5897435897435898,0.4893617021276595,0.6222222222222222,0.7631578947368421,0.5555555555555556,0.320754716981132,0.7857142857142857
12.0,0.358974358974359,0.5957446808510638,0.5111111111111111,0.7631578947368421,0.1388888888888889,0.4339622641509434,0.3571428571428571
