label,Beacon_1,Beacon_2,Beacon_3,Beacon_4,Beacon_5,Beacon_6,Beacon_7
12.0,0.4523809523809524,0.8461538461538461,0.5555555555555556,0.9444444444444444,0.3404255319148936,0.72,0.2941176470588235
15.0,0.4523809523809524,0.8717948717948718,0.5555555555555556,0.75,0.3404255319148936,0.84,0.4705882352941176
18.0,0.3571428571428571,0.4615384615384615,0.7111111111111111,0.8611111111111112,0.425531914893617,0.76,0.3529411764705882
36.0,0.8333333333333334,0.3846153846153846,0.9111111111111112,0.5555555555555556,0.1063829787234042,0.64,0.5294117647058824
36.0,0.8333333333333334,0.3846153846153846,0.9111111111111112,0.5555555555555556,0.1063829787234042,0.64,0.5294117647058824
18.0,0.3571428571428571,0.4615384615384615,0.7111111111111111,0.8611111111111112,0.425531914893617,0.76,0.3529411764705882
15.0,0.4523809523809524,0.8717948717948718,0.5555555555555556,0.75,0.3404255319148936,0.84,0.4705882352941176
12.0,0.4523809523809524,0.8461538461538461,0.5555555555555556,0.9444444444444444,0.3404255319148936,0.72,0.2941176470588235
