label,Beacon_1,Beacon_2,Beacon_3,Beacon_4,Beacon_5,Beacon_6,Beacon_7
22.0,0.2619047619047619,0.6153846153846154,0.4666666666666667,0.5555555555555556,0.9148936170212766,0.34,0.5588235294117647
25.0,0.4761904761904761,0.5384615384615384,0.5333333333333333,0.6388888888888888,0.5319148936170213,0.6,0.7941176470588235
28.0,0.4761904761904761,0.6153846153846154,0.3555555555555555,0.5833333333333334,0.723404255319149,0.52,0.7352941176470589
41.0,0.7857142857142857,0.2307692307692307,0.6222222222222222,0.2777777777777778,0.4680851063829787,0.58,1.0
41.0,0.7857142857142857,0.2307692307692307,0.6222222222222222,0.2777777777777778,0.4680851063829787,0.58,1.0
28.0,0.4761904761904761,0.6153846153846154,0.3555555555555555,0.5833333333333334,0.723404255319149,0.52,0.7352941176470589
25.0,0.4761904761904761,0.5384615384615384,0.5333333333333333,0.6388888888888888,0.5319148936170213,0.6,0.7941176470588235
22.0,0.2619047619047619,0.6153846153846154,0.4666666666666667,0.5555555555555556,0.9148936170212766,0.34,0.5588235294117647
