label,Beacon_1,Beacon_2,Beacon_3,Beacon_4,Beacon_5,Beacon_6,Beacon_7
2.0,0.5952380952380952,0.9743589743589745,0.4,0.25,0.2127659574468085,0.52,0.4117647058823529
5.0,0.5952380952380952,0.9487179487179488,0.4888888888888889,0.6388888888888888,0.1276595744680851,0.46,0.6176470588235294
8.0,0.5714285714285714,0.6666666666666666,0.6,0.4166666666666667,0.0,0.36,0.5
31.0,0.8333333333333334,0.5641025641025641,0.4444444444444444,0.3055555555555556,0.3617021276595745,0.52,0.6764705882352942
31.0,0.8333333333333334,0.5641025641025641,0.4444444444444444,0.3055555555555556,0.3617021276595745,0.52,0.6764705882352942
8.0,0.5714285714285714,0.6666666666666666,0.6,0.4166666666666667,0.0,0.36,0.5
5.0,0.5952380952380952,0.9487179487179488,0.4888888888888889,0.6388888888888888,0.1276595744680851,0.46,0.6176470588235294
2.0,0.5952380952380952,0.9743589743589745,0.4,0.25,0.2127659574468085,0.52,0.4117647058823529
