label,Beacon_1,Beacon_2,Beacon_3,Beacon_4,Beacon_5,Beacon_6,Beacon_7
12.0,0.4,0.2708333333333333,0.7567567567567568,0.9,0.3846153846153846,0.2448979591836734,0.5471698113207547
15.0,0.575,0.6666666666666666,0.054054054054054,0.65,0.4615384615384615,0.4285714285714285,0.9433962264150944
18.0,0.65,0.6458333333333334,0.3243243243243243,0.7,0.4615384615384615,0.1428571428571428,0.7924528301886793
36.0,0.575,0.4791666666666667,0.7837837837837838,0.6,0.5384615384615384,0.2244897959183673,0.7358490566037735
36.0,0.575,0.4791666666666667,0.7837837837837838,0.6,0.5384615384615384,0.2244897959183673,0.7358490566037735
18.0,0.65,0.6458333333333334,0.3243243243243243,0.7,0.4615384615384615,0.1428571428571428,0.7924528301886793
15.0,0.575,0.6666666666666666,0.054054054054054,0.65,0.4615384615384615,0.4285714285714285,0.9433962264150944
12.0,0.4,0.2708333333333333,0.7567567567567568,0.9,0.3846153846153846,0.2448979591836734,0.5471698113207547
