label,Beacon_1,Beacon_2,Beacon_3,Beacon_4,Beacon_5,Beacon_6,Beacon_7
2.0,0.35,0.9375,0.4054054054054054,0.475,0.2307692307692307,0.1428571428571428,0.5660377358490566
5.0,0.375,0.7291666666666666,0.2162162162162162,0.825,0.5384615384615384,0.2448979591836734,0.4339622641509434
8.0,0.8,0.6666666666666666,0.6486486486486487,0.45,0.3076923076923077,0.2653061224489796,0.5471698113207547
31.0,0.65,0.7291666666666666,0.6486486486486487,0.625,0.5641025641025641,0.2857142857142857,0.6792452830188679
31.0,0.65,0.7291666666666666,0.6486486486486487,0.625,0.5641025641025641,0.2857142857142857,0.6792452830188679
8.0,0.8,0.6666666666666666,0.6486486486486487,0.45,0.3076923076923077,0.2653061224489796,0.5471698113207547
5.0,0.375,0.7291666666666666,0.2162162162162162,0.825,0.5384615384615384,0.2448979591836734,0.4339622641509434
2.0,0.35,0.9375,0.4054054054054054,0.475,0.2307692307692307,0.1428571428571428,0.5660377358490566
