label,Beacon_1,Beacon_2,Beacon_3,Beacon_4,Beacon_5,Beacon_6,Beacon_7
22.0,0.35,0.5208333333333334,0.4324324324324324,0.475,0.358974358974359,0.7551020408163265,0.3018867924528302
25.0,0.325,0.5,0.4324324324324324,0.6,0.4615384615384615,0.5918367346938775,0.3962264150943396
28.0,0.375,0.4791666666666667,0.4324324324324324,0.6,0.5641025641025641,0.4489795918367347,0.3773584905660377
41.0,0.475,0.3333333333333333,0.5135135135135135,0.6,0.5384615384615384,0.5306122448979592,0.5471698113207547
41.0,0.475,0.3333333333333333,0.5135135135135135,0.6,0.5384615384615384,0.5306122448979592,0.5471698113207547
28.0,0.375,0.4791666666666667,0.4324324324324324,0.6,0.5641025641025641,0.4489795918367347,0.3773584905660377
25.0,0.325,0.5,0.4324324324324324,0.6,0.4615384615384615,0.5918367346938775,0.3962264150943396
22.0,0.35,0.5208333333333334,0.4324324324324324,0.475,0.358974358974359,0.7551020408163265,0.3018867924528302
