label,Beacon_1,Beacon_2,Beacon_3,Beacon_4,Beacon_5,Beacon_6,Beacon_7
2.0,0.7045454545454546,0.76,0.4210526315789473,0.42,0.3255813953488372,0.4242424242424242,0.3114754098360656
5.0,0.7045454545454546,0.56,0.3947368421052631,0.38,0.3255813953488372,0.5151515151515151,0.2786885245901639
8.0,0.8863636363636364,0.62,0.6842105263157895,0.38,0.5348837209302325,0.4545454545454545,0.3770491803278688
31.0,0.3181818181818182,0.52,0.631578947368421,0.36,0.6046511627906976,0.5151515151515151,0.3442622950819672
31.0,0.3181818181818182,0.52,0.631578947368421,0.36,0.6046511627906976,0.5151515151515151,0.3442622950819672
8.0,0.8863636363636364,0.62,0.6842105263157895,0.38,0.5348837209302325,0.4545454545454545,0.3770491803278688
5.0,0.7045454545454546,0.56,0.3947368421052631,0.38,0.3255813953488372,0.5151515151515151,0.2786885245901639
2.0,0.7045454545454546,0.76,0.4210526315789473,0.42,0.3255813953488372,0.4242424242424242,0.3114754098360656
