label,Beacon_1,Beacon_2,Beacon_3,Beacon_4,Beacon_5,Beacon_6,Beacon_7
22.0,0.4545454545454545,0.36,0.3684210526315789,0.6,0.5116279069767442,0.5151515151515151,0.8524590163934426
25.0,0.3863636363636363,0.54,0.5263157894736842,0.26,0.5348837209302325,0.9090909090909092,0.7213114754098361
28.0,0.5227272727272727,0.34,0.4210526315789473,0.64,0.2093023255813953,0.7575757575757576,0.5737704918032787
41.0,0.6590909090909091,0.32,0.7368421052631579,0.5,0.2325581395348837,0.7575757575757576,0.3114754098360656
41.0,0.6590909090909091,0.32,0.7368421052631579,0.5,0.2325581395348837,0.7575757575757576,0.3114754098360656
28.0,0.5227272727272727,0.34,0.4210526315789473,0.64,0.2093023255813953,0.7575757575757576,0.5737704918032787
25.0,0.3863636363636363,0.54,0.5263157894736842,0.26,0.5348837209302325,0.9090909090909092,0.7213114754098361
22.0,0.4545454545454545,0.36,0.3684210526315789,0.6,0.5116279069767442,0.5151515151515151,0.8524590163934426
