label,Beacon_1,Beacon_2,Beacon_3,Beacon_4,Beacon_5,Beacon_6,Beacon_7
12.0,0.4878048780487805,0.7045454545454546,0.6428571428571429,0.9166666666666666,0.4318181818181818,0.4150943396226415,0.62
15.0,0.6341463414634146,0.5,0.4285714285714285,0.6111111111111112,0.5227272727272727,0.4150943396226415,0.76
18.0,0.6829268292682927,0.6818181818181818,0.4285714285714285,0.5833333333333334,0.6136363636363636,0.3773584905660377,0.64
36.0,0.3902439024390244,0.4318181818181818,0.6428571428571429,0.7222222222222222,0.5,0.3962264150943396,0.64
36.0,0.3902439024390244,0.4318181818181818,0.6428571428571429,0.7222222222222222,0.5,0.3962264150943396,0.64
18.0,0.6829268292682927,0.6818181818181818,0.4285714285714285,0.5833333333333334,0.6136363636363636,0.3773584905660377,0.64
15.0,0.6341463414634146,0.5,0.4285714285714285,0.6111111111111112,0.5227272727272727,0.4150943396226415,0.76
12.0,0.4878048780487805,0.7045454545454546,0.6428571428571429,0.9166666666666666,0.4318181818181818,0.4150943396226415,0.62
