label,Beacon_1,Beacon_2,Beacon_3,Beacon_4,Beacon_5,Beacon_6,Beacon_7
2.0,0.6341463414634146,0.8863636363636364,0.4761904761904761,0.4444444444444444,0.3409090909090909,0.1698113207547169,0.36
5.0,0.6097560975609756,0.7954545454545454,0.4285714285714285,0.1666666666666666,0.4772727272727273,0.2075471698113207,0.34
8.0,0.6097560975609756,0.7272727272727273,0.6666666666666666,0.4444444444444444,0.4090909090909091,0.1886792452830188,0.48
31.0,0.8292682926829268,0.7272727272727273,0.6428571428571429,0.4722222222222222,0.4545454545454545,0.2830188679245283,0.36
31.0,0.8292682926829268,0.7272727272727273,0.6428571428571429,0.4722222222222222,0.4545454545454545,0.2830188679245283,0.36
8.0,0.6097560975609756,0.7272727272727273,0.6666666666666666,0.4444444444444444,0.4090909090909091,0.1886792452830188,0.48
5.0,0.6097560975609756,0.7954545454545454,0.4285714285714285,0.1666666666666666,0.4772727272727273,0.2075471698113207,0.34
2.0,0.6341463414634146,0.8863636363636364,0.4761904761904761,0.4444444444444444,0.3409090909090909,0.1698113207547169,0.36
