label,Beacon_1,Beacon_2,Beacon_3,Beacon_4,Beacon_5,Beacon_6,Beacon_7
22.0,0.3170731707317073,0.3181818181818182,0.2857142857142857,0.5,0.6136363636363636,0.7735849056603774,0.36
25.0,0.4146341463414634,0.6363636363636364,0.2857142857142857,0.6666666666666666,0.3409090909090909,0.7169811320754716,0.44
28.0,0.5609756097560976,0.7045454545454546,0.4285714285714285,0.3888888888888889,0.6590909090909091,0.6037735849056604,0.36
41.0,0.6097560975609756,0.25,0.5714285714285714,0.5,0.7727272727272727,0.5283018867924528,0.36
41.0,0.6097560975609756,0.25,0.5714285714285714,0.5,0.7727272727272727,0.5283018867924528,0.36
28.0,0.5609756097560976,0.7045454545454546,0.4285714285714285,0.3888888888888889,0.6590909090909091,0.6037735849056604,0.36
25.0,0.4146341463414634,0.6363636363636364,0.2857142857142857,0.6666666666666666,0.3409090909090909,0.7169811320754716,0.44
22.0,0.3170731707317073,0.3181818181818182,0.2857142857142857,0.5,0.6136363636363636,0.7735849056603774,0.36
