label,Beacon_1,Beacon_2,Beacon_3,Beacon_4,Beacon_5,Beacon_6,Beacon_7
12.0,0.4545454545454545,0.7407407407407407,0.5111111111111111,0.6326530612244898,0.4310344827586206,0.5348837209302325,0.5428571428571428
15.0,0.5681818181818182,0.7222222222222222,0.8,0.6938775510204082,0.3103448275862069,0.4186046511627907,0.5428571428571428
18.0,0.3636363636363636,0.6851851851851852,0.8,0.7346938775510204,0.3620689655172414,0.7674418604651163,0.6
36.0,0.6136363636363636,0.4259259259259259,0.6444444444444445,0.6122448979591837,0.3103448275862069,0.7209302325581395,0.6285714285714286
36.0,0.6136363636363636,0.4259259259259259,0.6444444444444445,0.6122448979591837,0.3103448275862069,0.7209302325581395,0.6285714285714286
18.0,0.3636363636363636,0.6851851851851852,0.8,0.7346938775510204,0.3620689655172414,0.7674418604651163,0.6
15.0,0.5681818181818182,0.7222222222222222,0.8,0.6938775510204082,0.3103448275862069,0.4186046511627907,0.5428571428571428
12.0,0.4545454545454545,0.7407407407407407,0.5111111111111111,0.6326530612244898,0.4310344827586206,0.5348837209302325,0.5428571428571428
