label,Beacon_1,Beacon_2,Beacon_3,Beacon_4,Beacon_5,Beacon_6,Beacon_7
2.0,0.7045454545454546,0.9629629629629628,0.6222222222222222,0.5102040816326531,0.2068965517241379,0.1395348837209302,0.2
5.0,0.8409090909090909,0.7037037037037037,0.5777777777777777,0.6530612244897959,0.3103448275862069,0.5581395348837209,0.2571428571428571
8.0,0.8863636363636364,0.5555555555555556,0.7333333333333333,0.3265306122448979,0.2586206896551724,0.5116279069767442,0.3142857142857143
31.0,0.75,0.6111111111111112,0.6,0.3877551020408163,0.3211206896551724,0.6744186046511628,0.7428571428571429
31.0,0.75,0.6111111111111112,0.6,0.3877551020408163,0.3211206896551724,0.6744186046511628,0.7428571428571429
8.0,0.8863636363636364,0.5555555555555556,0.7333333333333333,0.3265306122448979,0.2586206896551724,0.5116279069767442,0.3142857142857143
5.0,0.8409090909090909,0.7037037037037037,0.5777777777777777,0.6530612244897959,0.3103448275862069,0.5581395348837209,0.2571428571428571
2.0,0.7045454545454546,0.9629629629629628,0.6222222222222222,0.5102040816326531,0.2068965517241379,0.1395348837209302,0.2
