label,Beacon_1,Beacon_2,Beacon_3,Beacon_4,Beacon_5,Beacon_6,Beacon_7
22.0,0.5227272727272727,0.4814814814814814,0.4666666666666667,0.4897959183673469,0.8620689655172413,0.4883720930232558,0.1714285714285714
25.0,0.5909090909090909,0.6296296296296297,0.4888888888888889,0.6326530612244898,0.6379310344827587,0.3488372093023256,0.7428571428571429
28.0,0.6363636363636364,0.4444444444444444,0.6666666666666666,0.5714285714285714,0.603448275862069,0.4186046511627907,0.7714285714285715
41.0,0.6363636363636364,0.3148148148148148,0.6222222222222222,0.3265306122448979,0.4482758620689655,0.5348837209302325,0.8
41.0,0.6363636363636364,0.3148148148148148,0.6222222222222222,0.3265306122448979,0.4482758620689655,0.5348837209302325,0.8
28.0,0.6363636363636364,0.4444444444444444,0.6666666666666666,0.5714285714285714,0.603448275862069,0.4186046511627907,0.7714285714285715
25.0,0.5909090909090909,0.6296296296296297,0.4888888888888889,0.6326530612244898,0.6379310344827587,0.3488372093023256,0.7428571428571429
22.0,0.5227272727272727,0.4814814814814814,0.4666666666666667,0.4897959183673469,0.8620689655172413,0.4883720930232558,0.1714285714285714
