label,Beacon_1,Beacon_2,Beacon_3,Beacon_4,Beacon_5,Beacon_6,Beacon_7
22.0,0.3333333333333333,0.3902439024390244,0.391304347826087,0.5681818181818182,0.775,0.4523809523809524,
25.0,0.4222222222222222,0.5609756097560976,0.2608695652173913,0.0681818181818181,0.7,0.3095238095238095,
28.0,0.4222222222222222,0.4878048780487805,0.391304347826087,0.5,0.7,0.5476190476190477,
41.0,0.6444444444444445,0.3414634146341463,0.5,0.4545454545454545,0.675,0.1428571428571428,
41.0,0.6444444444444445,0.3414634146341463,0.5,0.4545454545454545,0.675,0.1428571428571428,
28.0,0.4222222222222222,0.4878048780487805,0.391304347826087,0.5,0.7,0.5476190476190477,
25.0,0.4222222222222222,0.5609756097560976,0.2608695652173913,0.0681818181818181,0.7,0.3095238095238095,
22.0,0.3333333333333333,0.3902439024390244,0.391304347826087,0.5681818181818182,0.775,0.4523809523809524,
