label,Beacon_1,Beacon_2,Beacon_3,Beacon_4,Beacon_5,Beacon_6,Beacon_7
2.0,0.4444444444444444,0.5365853658536586,0.4347826086956521,0.3181818181818182,0.15,0.3571428571428571,
5.0,0.6888888888888889,0.8292682926829268,0.5,0.3863636363636363,0.3,0.238095238095238,
8.0,0.6888888888888889,0.6097560975609756,0.4130434782608695,0.3636363636363636,0.2,0.4047619047619047,
31.0,0.9333333333333332,0.5447154471544714,0.5217391304347826,0.3181818181818182,0.275,0.3571428571428571,
31.0,0.9333333333333332,0.5447154471544714,0.5217391304347826,0.3181818181818182,0.275,0.3571428571428571,
8.0,0.6888888888888889,0.6097560975609756,0.4130434782608695,0.3636363636363636,0.2,0.4047619047619047,
5.0,0.6888888888888889,0.8292682926829268,0.5,0.3863636363636363,0.3,0.238095238095238,
2.0,0.4444444444444444,0.5365853658536586,0.4347826086956521,0.3181818181818182,0.15,0.3571428571428571,
