label,Beacon_1,Beacon_2,Beacon_3,Beacon_4,Beacon_5,Beacon_6,Beacon_7
12.0,0.4,0.5853658536585366,0.5,0.7954545454545454,0.3,0.7619047619047619,
15.0,0.2666666666666666,0.4878048780487805,0.5652173913043478,0.2954545454545454,0.65,0.7619047619047619,
18.0,0.5333333333333333,0.6341463414634146,0.5652173913043478,0.5681818181818182,0.4,1.0,
36.0,0.6222222222222222,0.3658536585365853,0.8043478260869565,0.5681818181818182,0.425,0.6190476190476191,
36.0,0.6222222222222222,0.3658536585365853,0.8043478260869565,0.5681818181818182,0.425,0.6190476190476191,
18.0,0.5333333333333333,0.6341463414634146,0.5652173913043478,0.5681818181818182,0.4,1.0,
15.0,0.2666666666666666,0.4878048780487805,0.5652173913043478,0.2954545454545454,0.65,0.7619047619047619,
12.0,0.4,0.5853658536585366,0.5,0.7954545454545454,0.3,0.7619047619047619,
