label,Beacon_1,Beacon_2,Beacon_3,Beacon_4,Beacon_5,Beacon_6,Beacon_7
22.0,0.2857142857142857,0.3181818181818182,0.3488372093023256,0.725,0.8727272727272727,0.1538461538461538,0.4473684210526316
25.0,0.5952380952380952,0.2272727272727272,0.5348837209302325,0.4,0.6727272727272727,0.173076923076923,0.517543859649123
28.0,0.5,0.5,0.2325581395348837,0.475,0.3090909090909091,0.4230769230769231,0.631578947368421
41.0,0.6904761904761905,0.2954545454545454,0.5348837209302325,0.625,0.5454545454545454,0.4615384615384615,0.6578947368421053
41.0,0.6904761904761905,0.2954545454545454,0.5348837209302325,0.625,0.5454545454545454,0.4615384615384615,0.6578947368421053
28.0,0.5,0.5,0.2325581395348837,0.475,0.3090909090909091,0.4230769230769231,0.631578947368421
25.0,0.5952380952380952,0.2272727272727272,0.5348837209302325,0.4,0.6727272727272727,0.173076923076923,0.517543859649123
22.0,0.2857142857142857,0.3181818181818182,0.3488372093023256,0.725,0.8727272727272727,0.1538461538461538,0.4473684210526316
