label,Beacon_1,Beacon_2,Beacon_3,Beacon_4,Beacon_5,Beacon_6,Beacon_7
2.0,0.5952380952380952,0.8636363636363636,0.2558139534883721,0.3,0.3090909090909091,0.4038461538461538,0.3157894736842105
5.0,0.4523809523809524,0.3409090909090909,0.7906976744186046,0.6,0.3818181818181818,0.5192307692307693,0.6052631578947368
8.0,0.5952380952380952,0.5,0.6511627906976745,0.325,0.2545454545454545,0.6730769230769231,0.4736842105263157
31.0,0.7380952380952381,0.6136363636363636,0.6976744186046512,0.525,0.4363636363636363,0.5384615384615384,0.7368421052631579
31.0,0.7380952380952381,0.6136363636363636,0.6976744186046512,0.525,0.4363636363636363,0.5384615384615384,0.7368421052631579
8.0,0.5952380952380952,0.5,0.6511627906976745,0.325,0.2545454545454545,0.6730769230769231,0.4736842105263157
5.0,0.4523809523809524,0.3409090909090909,0.7906976744186046,0.6,0.3818181818181818,0.5192307692307693,0.6052631578947368
2.0,0.5952380952380952,0.8636363636363636,0.2558139534883721,0.3,0.3090909090909091,0.4038461538461538,0.3157894736842105
