label,Beacon_1,Beacon_2,Beacon_3,Beacon_4,Beacon_5,Beacon_6,Beacon_7
12.0,0.5,0.5,0.6046511627906976,0.95,0.4181818181818181,0.8076923076923077,0.2631578947368421
15.0,0.5238095238095238,0.25,0.5813953488372093,0.675,0.3272727272727272,0.8846153846153846,0.4736842105263157
18.0,0.7380952380952381,0.2954545454545454,0.7209302325581395,0.725,0.3636363636363636,0.8461538461538461,0.5789473684210527
36.0,0.5952380952380952,0.5,0.4186046511627907,0.575,0.2727272727272727,0.6923076923076923,0.2631578947368421
36.0,0.5952380952380952,0.5,0.4186046511627907,0.575,0.2727272727272727,0.6923076923076923,0.2631578947368421
18.0,0.7380952380952381,0.2954545454545454,0.7209302325581395,0.725,0.3636363636363636,0.8461538461538461,0.5789473684210527
15.0,0.5238095238095238,0.25,0.5813953488372093,0.675,0.3272727272727272,0.8846153846153846,0.4736842105263157
12.0,0.5,0.5,0.6046511627906976,0.95,0.4181818181818181,0.8076923076923077,0.2631578947368421
