label,Beacon_1,Beacon_2,Beacon_3,Beacon_4,Beacon_5,Beacon_6,Beacon_7
12.0,0.5909090909090909,0.9473684210526316,0.627906976744186,0.7875,0.1794871794871795,0.7272727272727273,0.8222222222222222
15.0,0.3181818181818182,0.6578947368421053,0.5348837209302325,0.825,0.2051282051282051,0.5151515151515151,0.8222222222222222
18.0,0.4545454545454545,0.5263157894736842,0.7441860465116279,0.825,0.5384615384615384,0.3939393939393939,0.8444444444444444
36.0,0.7272727272727273,0.4473684210526316,0.7674418604651163,0.85,0.9230769230769232,0.5454545454545454,0.6222222222222222
36.0,0.7272727272727273,0.4473684210526316,0.7674418604651163,0.85,0.9230769230769232,0.5454545454545454,0.6222222222222222
18.0,0.4545454545454545,0.5263157894736842,0.7441860465116279,0.825,0.5384615384615384,0.3939393939393939,0.8444444444444444
15.0,0.3181818181818182,0.6578947368421053,0.5348837209302325,0.825,0.2051282051282051,0.5151515151515151,0.8222222222222222
12.0,0.5909090909090909,0.9473684210526316,0.627906976744186,0.7875,0.1794871794871795,0.7272727272727273,0.8222222222222222
