label,Beacon_1,Beacon_2,Beacon_3,Beacon_4,Beacon_5,Beacon_6,Beacon_7
22.0,0.4090909090909091,0.5263157894736842,0.5581395348837209,0.775,0.3846153846153846,0.4545454545454545,0.5111111111111111
25.0,0.5454545454545454,0.3947368421052631,0.4418604651162791,0.525,0.7692307692307693,0.9090909090909092,0.3777777777777777
28.0,0.4318181818181818,0.5526315789473685,0.5116279069767442,0.425,0.3333333333333333,0.7272727272727273,0.36
41.0,0.6590909090909091,0.3421052631578947,0.5697674418604651,0.425,0.6923076923076923,0.8181818181818182,0.1333333333333333
41.0,0.6590909090909091,0.3421052631578947,0.5697674418604651,0.425,0.6923076923076923,0.8181818181818182,0.1333333333333333
28.0,0.4318181818181818,0.5526315789473685,0.5116279069767442,0.425,0.3333333333333333,0.7272727272727273,0.36
25.0,0.5454545454545454,0.3947368421052631,0.4418604651162791,0.525,0.7692307692307693,0.9090909090909092,0.3777777777777777
22.0,0.4090909090909091,0.5263157894736842,0.5581395348837209,0.775,0.3846153846153846,0.4545454545454545,0.5111111111111111
