label,Beacon_1,Beacon_2,Beacon_3,Beacon_4,Beacon_5,Beacon_6,Beacon_7
2.0,0.5227272727272727,0.6842105263157895,0.4883720930232558,0.5,0.4102564102564102,0.3553719008264465,0.5777777777777777
5.0,0.5681818181818182,0.9736842105263158,0.2790697674418604,0.525,0.4102564102564102,0.3939393939393939,0.5111111111111111
8.0,0.7272727272727273,1.0,0.6976744186046512,0.475,0.6153846153846154,0.4848484848484848,0.5777777777777777
31.0,0.8636363636363636,0.6578947368421053,0.5813953488372093,0.48125,0.6153846153846154,0.6363636363636364,0.5111111111111111
31.0,0.8636363636363636,0.6578947368421053,0.5813953488372093,0.48125,0.6153846153846154,0.6363636363636364,0.5111111111111111
8.0,0.7272727272727273,1.0,0.6976744186046512,0.475,0.6153846153846154,0.4848484848484848,0.5777777777777777
5.0,0.5681818181818182,0.9736842105263158,0.2790697674418604,0.525,0.4102564102564102,0.3939393939393939,0.5111111111111111
2.0,0.5227272727272727,0.6842105263157895,0.4883720930232558,0.5,0.4102564102564102,0.3553719008264465,0.5777777777777777
