label,Beacon_1,Beacon_2,Beacon_3,Beacon_4,Beacon_5,Beacon_6,Beacon_7
21.0,0.3863636363636363,0.5526315789473685,0.4651162790697674,0.775,0.4102564102564102,0.5757575757575758,0.4666666666666667
41.0,0.6590909090909091,0.3421052631578947,0.5697674418604651,0.425,0.6923076923076923,0.8181818181818182,0.1333333333333333
36.0,0.7272727272727273,0.4473684210526316,0.7674418604651163,0.85,0.9230769230769232,0.5454545454545454,0.6222222222222222
16.0,0.6590909090909091,0.6052631578947368,0.7209302325581395,0.8,0.5897435897435898,0.4242424242424242,0.9777777777777776
11.0,0.672077922077922,0.9210526315789472,0.6976744186046512,0.9,0.3846153846153846,0.0,0.7111111111111111
1.0,0.6590909090909091,0.8421052631578947,0.4186046511627907,0.525,0.4615384615384615,0.6060606060606061,0.3777777777777777
31.0,0.8636363636363636,0.6578947368421053,0.5813953488372093,0.48125,0.6153846153846154,0.6363636363636364,0.5111111111111111
