label,Beacon_1,Beacon_2,Beacon_3,Beacon_4,Beacon_5,Beacon_6,Beacon_7
2.0,0.4864864864864865,0.8333333333333334,0.4186046511627907,0.3191489361702128,0.5740740740740741,0.3488372093023256,0.2608695652173913
5.0,0.6216216216216216,0.3333333333333333,0.6046511627906976,0.5319148936170213,0.3518518518518518,0.4418604651162791,0.217391304347826
8.0,0.7027027027027027,0.4047619047619047,0.6511627906976745,0.2765957446808511,0.2777777777777778,0.6046511627906976,0.3478260869565217
31.0,0.918918918918919,0.6904761904761905,0.7209302325581395,0.3404255319148936,0.4629629629629629,0.3953488372093023,0.3478260869565217
31.0,0.918918918918919,0.6904761904761905,0.7209302325581395,0.3404255319148936,0.4629629629629629,0.3953488372093023,0.3478260869565217
8.0,0.7027027027027027,0.4047619047619047,0.6511627906976745,0.2765957446808511,0.2777777777777778,0.6046511627906976,0.3478260869565217
5.0,0.6216216216216216,0.3333333333333333,0.6046511627906976,0.5319148936170213,0.3518518518518518,0.4418604651162791,0.217391304347826
2.0,0.4864864864864865,0.8333333333333334,0.4186046511627907,0.3191489361702128,0.5740740740740741,0.3488372093023256,0.2608695652173913
