label,Beacon_1,Beacon_2,Beacon_3,Beacon_4,Beacon_5,Beacon_6,Beacon_7
12.0,0.3783783783783784,0.3809523809523809,0.5348837209302325,0.723404255319149,0.6666666666666666,0.3720930232558139,0.3260869565217391
15.0,0.054054054054054,0.4523809523809524,0.6976744186046512,0.6595744680851063,0.7777777777777778,0.2325581395348837,0.391304347826087
18.0,0.5405405405405406,0.6666666666666666,0.6511627906976745,0.4042553191489361,0.7222222222222222,0.4651162790697674,0.4130434782608695
36.0,0.7567567567567568,0.5714285714285714,0.9302325581395348,0.6808510638297872,0.6296296296296297,0.5348837209302325,0.4347826086956521
36.0,0.7567567567567568,0.5714285714285714,0.9302325581395348,0.6808510638297872,0.6296296296296297,0.5348837209302325,0.4347826086956521
18.0,0.5405405405405406,0.6666666666666666,0.6511627906976745,0.4042553191489361,0.7222222222222222,0.4651162790697674,0.4130434782608695
15.0,0.054054054054054,0.4523809523809524,0.6976744186046512,0.6595744680851063,0.7777777777777778,0.2325581395348837,0.391304347826087
12.0,0.3783783783783784,0.3809523809523809,0.5348837209302325,0.723404255319149,0.6666666666666666,0.3720930232558139,0.3260869565217391
