label,Beacon_1,Beacon_2,Beacon_3,Beacon_4,Beacon_5,Beacon_6,Beacon_7
22.0,0.5135135135135135,0.3095238095238095,0.3720930232558139,0.6382978723404256,0.2037037037037037,0.3023255813953488,0.9130434782608696
25.0,0.3243243243243243,0.5714285714285714,0.3023255813953488,0.4680851063829787,0.3888888888888889,0.2790697674418604,0.6956521739130435
28.0,0.5675675675675675,0.2619047619047619,0.4418604651162791,0.5319148936170213,0.2592592592592592,0.5813953488372093,0.4130434782608695
41.0,0.7837837837837838,0.4047619047619047,0.5813953488372093,0.4042553191489361,0.3888888888888889,0.8372093023255814,0.5434782608695652
41.0,0.7837837837837838,0.4047619047619047,0.5813953488372093,0.4042553191489361,0.3888888888888889,0.8372093023255814,0.5434782608695652
28.0,0.5675675675675675,0.2619047619047619,0.4418604651162791,0.5319148936170213,0.2592592592592592,0.5813953488372093,0.4130434782608695
25.0,0.3243243243243243,0.5714285714285714,0.3023255813953488,0.4680851063829787,0.3888888888888889,0.2790697674418604,0.6956521739130435
22.0,0.5135135135135135,0.3095238095238095,0.3720930232558139,0.6382978723404256,0.2037037037037037,0.3023255813953488,0.9130434782608696
