label,Beacon_1,Beacon_2,Beacon_3,Beacon_4,Beacon_5,Beacon_6,Beacon_7
2.0,0.4358974358974359,0.9069767441860463,0.4857142857142857,0.5384615384615384,0.1794871794871795,0.28,0.5454545454545454
5.0,0.6923076923076923,0.9069767441860463,0.5428571428571428,0.6153846153846154,0.4051282051282051,0.4,0.5227272727272727
8.0,0.5384615384615384,0.6976744186046512,0.7428571428571429,0.2564102564102564,0.5384615384615384,0.14,0.6136363636363636
31.0,0.3846153846153846,0.5581395348837209,0.8,0.6153846153846154,0.6153846153846154,0.3,0.7272727272727273
31.0,0.3846153846153846,0.5581395348837209,0.8,0.6153846153846154,0.6153846153846154,0.3,0.7272727272727273
8.0,0.5384615384615384,0.6976744186046512,0.7428571428571429,0.2564102564102564,0.5384615384615384,0.14,0.6136363636363636
5.0,0.6923076923076923,0.9069767441860463,0.5428571428571428,0.6153846153846154,0.4051282051282051,0.4,0.5227272727272727
2.0,0.4358974358974359,0.9069767441860463,0.4857142857142857,0.5384615384615384,0.1794871794871795,0.28,0.5454545454545454
