label,Beacon_1,Beacon_2,Beacon_3,Beacon_4,Beacon_5,Beacon_6,Beacon_7
12.0,0.4358974358974359,0.7674418604651163,0.6285714285714286,0.8717948717948718,0.358974358974359,0.26,0.7045454545454546
15.0,0.4786324786324787,0.5581395348837209,0.8571428571428571,0.6923076923076923,0.6153846153846154,0.54,0.9318181818181818
18.0,0.4358974358974359,0.627906976744186,0.6,0.4871794871794871,0.6410256410256411,0.38,1.0
36.0,0.282051282051282,0.4651162790697674,0.7142857142857143,0.0256410256410256,0.3333333333333333,0.48,0.8181818181818182
36.0,0.282051282051282,0.4651162790697674,0.7142857142857143,0.0256410256410256,0.3333333333333333,0.48,0.8181818181818182
18.0,0.4358974358974359,0.627906976744186,0.6,0.4871794871794871,0.6410256410256411,0.38,1.0
15.0,0.4786324786324787,0.5581395348837209,0.8571428571428571,0.6923076923076923,0.6153846153846154,0.54,0.9318181818181818
12.0,0.4358974358974359,0.7674418604651163,0.6285714285714286,0.8717948717948718,0.358974358974359,0.26,0.7045454545454546
