label,Beacon_1,Beacon_2,Beacon_3,Beacon_4,Beacon_5,Beacon_6,Beacon_7
22.0,0.4871794871794871,0.4883720930232558,0.4857142857142857,0.6923076923076923,0.717948717948718,0.72,0.4090909090909091
25.0,0.3675213675213674,0.6511627906976745,0.2,0.4871794871794871,0.5128205128205128,0.2,0.6136363636363636
28.0,0.5384615384615384,0.4418604651162791,0.6857142857142857,0.5897435897435898,0.8012820512820513,0.78,0.6136363636363636
41.0,0.3846153846153846,0.4186046511627907,0.1142857142857142,0.5641025641025641,0.6025641025641025,0.72,0.6363636363636364
41.0,0.3846153846153846,0.4186046511627907,0.1142857142857142,0.5641025641025641,0.6025641025641025,0.72,0.6363636363636364
28.0,0.5384615384615384,0.4418604651162791,0.6857142857142857,0.5897435897435898,0.8012820512820513,0.78,0.6136363636363636
25.0,0.3675213675213674,0.6511627906976745,0.2,0.4871794871794871,0.5128205128205128,0.2,0.6136363636363636
22.0,0.4871794871794871,0.4883720930232558,0.4857142857142857,0.6923076923076923,0.717948717948718,0.72,0.4090909090909091
