label,Beacon_1,Beacon_2,Beacon_3,Beacon_4,Beacon_5,Beacon_6,Beacon_7
11,0.48,0.5084745762711864,0.5454545454545454,0.8333333333333334,0.2222222222222222,0.5084745762711864,0.5081967213114754
18,0.32,0.4576271186440678,0.7454545454545455,0.24074074074074073,0.5333333333333333,0.1694915254237288,0.639344262
33,0.82,0.2542372881355932,0.7454545454545455,0.42592592592592593,0.26666666666666666,0.3898305084745763,0.29508196721311475
8,0.64,0.5932203389830508,0.45454545454545453,0.2962962962962963,0.28888888888888886,0.15254237288135594,0.4918032786885246
1,0.38,0.8813559322033898,0.5454545454545454,0.3888888888888889,0.15555555555555556,0.11864406779661017,0.3770491803278688
1,0.38,0.8813559322033898,0.5454545454545454,0.3888888888888889,0.15555555555555556,0.11864406779661017,0.3770491803278688
1,0.38,0.8813559322033898,0.5454545454545454,0.3888888888888889,0.15555555555555556,0.11864406779661017,0.3770491803278688
