label,Beacon_1,Beacon_2,Beacon_3,Beacon_4,Beacon_5,Beacon_6,Beacon_7
2.0,0.5121951219512195,0.8,0.2608695652173913,0.4883720930232558,0.1707317073170731,0.3076923076923077,0.5609756097560976
5.0,0.5853658536585366,0.8888888888888888,0.4347826086956521,0.1860465116279069,0.3170731707317073,0.4358974358974359,0.2926829268292683
8.0,0.8048780487804879,0.6888888888888889,0.3695652173913043,0.2325581395348837,0.4390243902439024,0.3846153846153846,0.3902439024390244
31.0,0.8048780487804879,0.7777777777777778,0.782608695652174,0.3023255813953488,0.4878048780487805,0.4387464387464388,0.4878048780487805
31.0,0.8048780487804879,0.7777777777777778,0.782608695652174,0.3023255813953488,0.4878048780487805,0.4387464387464388,0.4878048780487805
8.0,0.8048780487804879,0.6888888888888889,0.3695652173913043,0.2325581395348837,0.4390243902439024,0.3846153846153846,0.3902439024390244
5.0,0.5853658536585366,0.8888888888888888,0.4347826086956521,0.1860465116279069,0.3170731707317073,0.4358974358974359,0.2926829268292683
2.0,0.5121951219512195,0.8,0.2608695652173913,0.4883720930232558,0.1707317073170731,0.3076923076923077,0.5609756097560976
