label,Beacon_1,Beacon_2,Beacon_3,Beacon_4,Beacon_5,Beacon_6,Beacon_7
22.0,0.3902439024390244,0.4222222222222222,0.1739130434782608,0.5348837209302325,0.1463414634146341,0.4871794871794871,0.3414634146341463
25.0,0.3902439024390244,0.5333333333333333,0.5,0.5116279069767442,0.3902439024390244,0.6153846153846154,0.1707317073170731
28.0,0.4878048780487805,0.4,0.5,0.3023255813953488,0.4634146341463415,0.6666666666666666,0.2926829268292683
41.0,0.4146341463414634,0.3555555555555555,0.6521739130434783,0.627906976744186,0.8536585365853658,0.8717948717948718,0.1707317073170731
41.0,0.4146341463414634,0.3555555555555555,0.6521739130434783,0.627906976744186,0.8536585365853658,0.8717948717948718,0.1707317073170731
28.0,0.4878048780487805,0.4,0.5,0.3023255813953488,0.4634146341463415,0.6666666666666666,0.2926829268292683
25.0,0.3902439024390244,0.5333333333333333,0.5,0.5116279069767442,0.3902439024390244,0.6153846153846154,0.1707317073170731
22.0,0.3902439024390244,0.4222222222222222,0.1739130434782608,0.5348837209302325,0.1463414634146341,0.4871794871794871,0.3414634146341463
