label,Beacon_1,Beacon_2,Beacon_3,Beacon_4,Beacon_5,Beacon_6,Beacon_7
12.0,0.2195121951219512,0.7111111111111111,0.391304347826087,0.8604651162790697,0.2926829268292683,0.5641025641025641,0.902439024390244
15.0,0.5121951219512195,0.7111111111111111,0.5869565217391305,0.6511627906976745,0.2439024390243902,0.5384615384615384,0.902439024390244
18.0,0.5853658536585366,0.6222222222222222,0.6739130434782609,0.7674418604651163,0.5365853658536586,0.5897435897435898,0.926829268292683
36.0,0.4878048780487805,0.6222222222222222,0.5434782608695652,0.8604651162790697,0.2682926829268293,0.4871794871794871,0.7073170731707317
36.0,0.4878048780487805,0.6222222222222222,0.5434782608695652,0.8604651162790697,0.2682926829268293,0.4871794871794871,0.7073170731707317
18.0,0.5853658536585366,0.6222222222222222,0.6739130434782609,0.7674418604651163,0.5365853658536586,0.5897435897435898,0.926829268292683
15.0,0.5121951219512195,0.7111111111111111,0.5869565217391305,0.6511627906976745,0.2439024390243902,0.5384615384615384,0.902439024390244
12.0,0.2195121951219512,0.7111111111111111,0.391304347826087,0.8604651162790697,0.2926829268292683,0.5641025641025641,0.902439024390244
