label,Beacon_1,Beacon_2,Beacon_3,Beacon_4,Beacon_5,Beacon_6,Beacon_7
2.0,0.6111111111111112,0.8936170212765957,0.6170212765957447,0.5,0.2222222222222222,0.2580645161290322,0.4772727272727273
5.0,0.5555555555555556,0.7446808510638298,0.5531914893617021,0.5,0.3555555555555555,0.2258064516129032,0.5
8.0,0.75,0.723404255319149,0.7872340425531915,0.25,0.3777777777777777,0.1612903225806451,0.3863636363636363
31.0,0.9444444444444444,0.4680851063829787,0.7872340425531915,0.3863636363636363,0.6666666666666666,0.2849462365591398,0.5681818181818182
31.0,0.9444444444444444,0.4680851063829787,0.7872340425531915,0.3863636363636363,0.6666666666666666,0.2849462365591398,0.5681818181818182
8.0,0.75,0.723404255319149,0.7872340425531915,0.25,0.3777777777777777,0.1612903225806451,0.3863636363636363
5.0,0.5555555555555556,0.7446808510638298,0.5531914893617021,0.5,0.3555555555555555,0.2258064516129032,0.5
2.0,0.6111111111111112,0.8936170212765957,0.6170212765957447,0.5,0.2222222222222222,0.2580645161290322,0.4772727272727273
