label,Beacon_1,Beacon_2,Beacon_3,Beacon_4,Beacon_5,Beacon_6,Beacon_7
22.0,0.3888888888888889,0.3617021276595745,0.5319148936170213,0.6363636363636364,0.5111111111111111,0.8225806451612904,0.5227272727272727
25.0,0.4722222222222222,0.3829787234042553,0.6382978723404256,0.6818181818181818,0.7555555555555555,0.6774193548387096,0.4772727272727273
28.0,0.2777777777777778,0.2553191489361702,0.7446808510638298,0.6590909090909091,0.8,0.6451612903225806,0.2954545454545454
41.0,0.2222222222222222,0.2553191489361702,0.574468085106383,0.5681818181818182,0.8,0.5483870967741935,0.1818181818181818
41.0,0.2222222222222222,0.2553191489361702,0.574468085106383,0.5681818181818182,0.8,0.5483870967741935,0.1818181818181818
28.0,0.2777777777777778,0.2553191489361702,0.7446808510638298,0.6590909090909091,0.8,0.6451612903225806,0.2954545454545454
25.0,0.4722222222222222,0.3829787234042553,0.6382978723404256,0.6818181818181818,0.7555555555555555,0.6774193548387096,0.4772727272727273
22.0,0.3888888888888889,0.3617021276595745,0.5319148936170213,0.6363636363636364,0.5111111111111111,0.8225806451612904,0.5227272727272727
