label,Beacon_1,Beacon_2,Beacon_3,Beacon_4,Beacon_5,Beacon_6,Beacon_7
12.0,0.4166666666666667,0.7659574468085106,0.8085106382978723,0.8181818181818182,0.2444444444444444,0.3870967741935484,0.5454545454545454
15.0,0.4722222222222222,0.5531914893617021,0.6595744680851063,0.4772727272727273,0.6666666666666666,0.3064516129032258,0.9318181818181818
18.0,0.6388888888888888,0.6170212765957447,0.8936170212765957,0.6590909090909091,0.5333333333333333,0.3225806451612903,0.3863636363636363
36.0,0.6666666666666666,0.4680851063829787,0.8936170212765957,0.4545454545454545,0.4444444444444444,0.3870967741935484,0.75
36.0,0.6666666666666666,0.4680851063829787,0.8936170212765957,0.4545454545454545,0.4444444444444444,0.3870967741935484,0.75
18.0,0.6388888888888888,0.6170212765957447,0.8936170212765957,0.6590909090909091,0.5333333333333333,0.3225806451612903,0.3863636363636363
15.0,0.4722222222222222,0.5531914893617021,0.6595744680851063,0.4772727272727273,0.6666666666666666,0.3064516129032258,0.9318181818181818
12.0,0.4166666666666667,0.7659574468085106,0.8085106382978723,0.8181818181818182,0.2444444444444444,0.3870967741935484,0.5454545454545454
