label,Beacon_1,Beacon_2,Beacon_3,Beacon_4,Beacon_5,Beacon_6,Beacon_7
22.0,0.2564102564102564,0.5333333333333333,0.4418604651162791,0.6097560975609756,0.4573170731707317,0.8511904761904762,0.5581395348837209
25.0,0.1794871794871795,0.5333333333333333,0.5348837209302325,0.8536585365853658,0.4878048780487805,0.7321428571428571,0.3488372093023256
28.0,0.5641025641025641,0.3333333333333333,0.4418604651162791,0.5365853658536586,0.4146341463414634,0.6607142857142857,0.4883720930232558
41.0,0.5641025641025641,0.4444444444444444,0.6046511627906976,0.3658536585365853,0.8536585365853658,0.4821428571428571,0.4108527131782947
41.0,0.5641025641025641,0.4444444444444444,0.6046511627906976,0.3658536585365853,0.8536585365853658,0.4821428571428571,0.4108527131782947
28.0,0.5641025641025641,0.3333333333333333,0.4418604651162791,0.5365853658536586,0.4146341463414634,0.6607142857142857,0.4883720930232558
25.0,0.1794871794871795,0.5333333333333333,0.5348837209302325,0.8536585365853658,0.4878048780487805,0.7321428571428571,0.3488372093023256
22.0,0.2564102564102564,0.5333333333333333,0.4418604651162791,0.6097560975609756,0.4573170731707317,0.8511904761904762,0.5581395348837209
