label,Beacon_1,Beacon_2,Beacon_3,Beacon_4,Beacon_5,Beacon_6,Beacon_7
2.0,0.6153846153846154,0.8444444444444444,0.4186046511627907,0.5609756097560976,0.2560975609756097,0.2321428571428571,0.5116279069767442
5.0,0.717948717948718,0.7555555555555555,0.3720930232558139,0.5609756097560976,0.5365853658536586,0.3392857142857143,0.6046511627906976
8.0,0.6666666666666666,0.7777777777777778,0.627906976744186,0.3658536585365853,0.5121951219512195,0.3928571428571428,0.4186046511627907
31.0,0.8974358974358975,0.3111111111111111,0.7441860465116279,0.4878048780487805,0.6341463414634146,0.3035714285714285,0.2790697674418604
31.0,0.8974358974358975,0.3111111111111111,0.7441860465116279,0.4878048780487805,0.6341463414634146,0.3035714285714285,0.2790697674418604
8.0,0.6666666666666666,0.7777777777777778,0.627906976744186,0.3658536585365853,0.5121951219512195,0.3928571428571428,0.4186046511627907
5.0,0.717948717948718,0.7555555555555555,0.3720930232558139,0.5609756097560976,0.5365853658536586,0.3392857142857143,0.6046511627906976
2.0,0.6153846153846154,0.8444444444444444,0.4186046511627907,0.5609756097560976,0.2560975609756097,0.2321428571428571,0.5116279069767442
