label,Beacon_1,Beacon_2,Beacon_3,Beacon_4,Beacon_5,Beacon_6,Beacon_7
12.0,0.5384615384615384,0.6444444444444445,0.7209302325581395,1.0,0.6585365853658537,0.3035714285714285,0.9069767441860463
15.0,0.5854700854700854,0.5111111111111111,0.7674418604651163,0.2682926829268293,0.7073170731707317,0.0535714285714285,0.9069767441860463
18.0,0.5897435897435898,0.5555555555555556,0.6744186046511628,0.6585365853658537,0.6585365853658537,0.4821428571428571,0.6511627906976745
36.0,0.7948717948717948,0.5333333333333333,0.813953488372093,0.6097560975609756,0.7073170731707317,0.5,0.7906976744186046
36.0,0.7948717948717948,0.5333333333333333,0.813953488372093,0.6097560975609756,0.7073170731707317,0.5,0.7906976744186046
18.0,0.5897435897435898,0.5555555555555556,0.6744186046511628,0.6585365853658537,0.6585365853658537,0.4821428571428571,0.6511627906976745
15.0,0.5854700854700854,0.5111111111111111,0.7674418604651163,0.2682926829268293,0.7073170731707317,0.0535714285714285,0.9069767441860463
12.0,0.5384615384615384,0.6444444444444445,0.7209302325581395,1.0,0.6585365853658537,0.3035714285714285,0.9069767441860463
