label,Beacon_1,Beacon_2,Beacon_3,Beacon_4,Beacon_5,Beacon_6,Beacon_7
21.0,0.3846153846153846,0.4,0.5348837209302325,0.6097560975609756,0.7073170731707317,0.9285714285714286,0.627906976744186
41.0,0.5641025641025641,0.4444444444444444,0.6046511627906976,0.3658536585365853,0.8536585365853658,0.4821428571428571,0.4108527131782947
36.0,0.7948717948717948,0.5333333333333333,0.813953488372093,0.6097560975609756,0.7073170731707317,0.5,0.7906976744186046
16.0,0.4871794871794871,0.7111111111111111,0.627906976744186,0.7073170731707317,0.4146341463414634,0.375,0.627906976744186
11.0,0.358974358974359,0.8,0.5426356589147285,0.902439024390244,0.7073170731707317,0.2678571428571428,0.7906976744186046
1.0,0.5384615384615384,0.9555555555555556,0.53156146179402,0.3414634146341463,0.4878048780487805,0.2678571428571428,0.4651162790697674
31.0,0.8974358974358975,0.3111111111111111,0.7441860465116279,0.4878048780487805,0.6341463414634146,0.3035714285714285,0.2790697674418604
