label,Beacon_1,Beacon_2,Beacon_3,Beacon_4,Beacon_5,Beacon_6,Beacon_7
22.0,0.2894736842105263,0.6341463414634146,0.0416666666666667,0.7291666666666666,0.3846153846153846,0.3953488372093023,0.82
25.0,0.4210526315789473,0.4390243902439024,0.35,0.7291666666666666,0.4230769230769231,0.7209302325581395,0.36
28.0,0.2894736842105263,0.3170731707317073,0.375,0.4583333333333333,0.4038461538461538,0.3488372093023256,0.46
41.0,0.4473684210526316,0.4146341463414634,0.18,0.6041666666666666,0.2884615384615384,0.7674418604651163,0.58
41.0,0.4473684210526316,0.4146341463414634,0.18,0.6041666666666666,0.2884615384615384,0.7674418604651163,0.58
28.0,0.2894736842105263,0.3170731707317073,0.375,0.4583333333333333,0.4038461538461538,0.3488372093023256,0.46
25.0,0.4210526315789473,0.4390243902439024,0.35,0.7291666666666666,0.4230769230769231,0.7209302325581395,0.36
22.0,0.2894736842105263,0.6341463414634146,0.0416666666666667,0.7291666666666666,0.3846153846153846,0.3953488372093023,0.82
