label,Beacon_1,Beacon_2,Beacon_3,Beacon_4,Beacon_5,Beacon_6,Beacon_7
12.0,0.5,0.7073170731707317,0.675,0.8958333333333334,0.5769230769230769,0.3720930232558139,0.24
15.0,0.5526315789473685,0.3902439024390244,0.725,0.7708333333333334,0.9423076923076924,0.3023255813953488,0.24
18.0,0.6578947368421053,0.5121951219512195,0.575,0.5833333333333334,0.6923076923076923,0.4186046511627907,0.42
36.0,0.868421052631579,0.6097560975609756,0.65,0.5208333333333334,0.5961538461538461,0.5116279069767442,0.44
36.0,0.868421052631579,0.6097560975609756,0.65,0.5208333333333334,0.5961538461538461,0.5116279069767442,0.44
18.0,0.6578947368421053,0.5121951219512195,0.575,0.5833333333333334,0.6923076923076923,0.4186046511627907,0.42
15.0,0.5526315789473685,0.3902439024390244,0.725,0.7708333333333334,0.9423076923076924,0.3023255813953488,0.24
12.0,0.5,0.7073170731707317,0.675,0.8958333333333334,0.5769230769230769,0.3720930232558139,0.24
