label,Beacon_1,Beacon_2,Beacon_3,Beacon_4,Beacon_5,Beacon_6,Beacon_7
2.0,0.5921052631578947,0.8536585365853658,0.125,0.6875,0.5,0.6046511627906976,0.14
5.0,0.4473684210526316,0.4390243902439024,0.05,0.7083333333333334,0.4615384615384615,0.5813953488372093,0.18
8.0,0.5,0.5853658536585366,0.625,0.5208333333333334,0.6346153846153846,0.3255813953488372,0.3
31.0,0.7368421052631579,0.7804878048780488,0.45,0.5208333333333334,0.2884615384615384,0.6046511627906976,0.14
31.0,0.7368421052631579,0.7804878048780488,0.45,0.5208333333333334,0.2884615384615384,0.6046511627906976,0.14
8.0,0.5,0.5853658536585366,0.625,0.5208333333333334,0.6346153846153846,0.3255813953488372,0.3
5.0,0.4473684210526316,0.4390243902439024,0.05,0.7083333333333334,0.4615384615384615,0.5813953488372093,0.18
2.0,0.5921052631578947,0.8536585365853658,0.125,0.6875,0.5,0.6046511627906976,0.14
