label,Beacon_1,Beacon_2,Beacon_3,Beacon_4,Beacon_5,Beacon_6,Beacon_7
2.0,0.4878048780487805,0.5365853658536586,0.5853658536585366,0.3243243243243243,0.1,0.3658536585365853,
5.0,0.5365853658536586,0.8292682926829268,0.4634146341463415,0.5405405405405406,0.175,0.048780487804878,
8.0,0.7073170731707317,0.7073170731707317,0.7073170731707317,0.4324324324324324,0.3,0.3414634146341463,
31.0,0.4878048780487805,0.6097560975609756,0.3170731707317073,0.5135135135135135,0.35,0.4390243902439024,
31.0,0.4878048780487805,0.6097560975609756,0.3170731707317073,0.5135135135135135,0.35,0.4390243902439024,
8.0,0.7073170731707317,0.7073170731707317,0.7073170731707317,0.4324324324324324,0.3,0.3414634146341463,
5.0,0.5365853658536586,0.8292682926829268,0.4634146341463415,0.5405405405405406,0.175,0.048780487804878,
2.0,0.4878048780487805,0.5365853658536586,0.5853658536585366,0.3243243243243243,0.1,0.3658536585365853,
