label,Beacon_1,Beacon_2,Beacon_3,Beacon_4,Beacon_5,Beacon_6,Beacon_7
22.0,0.5121951219512195,0.4390243902439024,0.3902439024390244,0.5675675675675675,0.8,0.4390243902439024,
25.0,0.4390243902439024,0.6097560975609756,0.5853658536585366,0.5405405405405406,0.825,0.3902439024390244,
28.0,0.5609756097560976,0.6341463414634146,0.5609756097560976,0.5675675675675675,0.65,0.2926829268292683,
41.0,0.6585365853658537,0.3170731707317073,0.6585365853658537,0.4864864864864865,0.625,0.2439024390243902,
41.0,0.6585365853658537,0.3170731707317073,0.6585365853658537,0.4864864864864865,0.625,0.2439024390243902,
28.0,0.5609756097560976,0.6341463414634146,0.5609756097560976,0.5675675675675675,0.65,0.2926829268292683,
25.0,0.4390243902439024,0.6097560975609756,0.5853658536585366,0.5405405405405406,0.825,0.3902439024390244,
22.0,0.5121951219512195,0.4390243902439024,0.3902439024390244,0.5675675675675675,0.8,0.4390243902439024,
