label,Beacon_1,Beacon_2,Beacon_3,Beacon_4,Beacon_5,Beacon_6,Beacon_7
22.0,0.196078431372549,0.5555555555555556,0.3673469387755102,0.4782608695652174,0.4772727272727273,0.6304347826086957,0.4545454545454545
25.0,0.2352941176470588,0.5111111111111111,0.4489795918367347,0.6521739130434783,0.7272727272727273,0.8478260869565217,0.4469696969696971
28.0,0.3725490196078431,0.3333333333333333,0.1530612244897959,0.3260869565217391,0.6590909090909091,0.8260869565217391,0.4318181818181818
41.0,0.4117647058823529,0.2222222222222222,0.673469387755102,0.5217391304347826,0.7954545454545454,0.5652173913043478,0.4318181818181818
41.0,0.4117647058823529,0.2222222222222222,0.673469387755102,0.5217391304347826,0.7954545454545454,0.5652173913043478,0.4318181818181818
28.0,0.3725490196078431,0.3333333333333333,0.1530612244897959,0.3260869565217391,0.6590909090909091,0.8260869565217391,0.4318181818181818
25.0,0.2352941176470588,0.5111111111111111,0.4489795918367347,0.6521739130434783,0.7272727272727273,0.8478260869565217,0.4469696969696971
22.0,0.196078431372549,0.5555555555555556,0.3673469387755102,0.4782608695652174,0.4772727272727273,0.6304347826086957,0.4545454545454545
