label,Beacon_1,Beacon_2,Beacon_3,Beacon_4,Beacon_5,Beacon_6,Beacon_7
2.0,0.5686274509803921,0.6222222222222222,0.5306122448979592,0.2826086956521739,0.2954545454545454,0.5,0.3636363636363636
5.0,0.6470588235294118,1.0,0.4489795918367347,0.4565217391304347,0.4545454545454545,0.3152173913043478,0.5227272727272727
8.0,0.7647058823529411,0.8222222222222222,0.5510204081632653,0.5434782608695652,0.3636363636363636,0.4130434782608695,0.6363636363636364
31.0,0.7058823529411765,0.7333333333333333,0.6938775510204082,0.3043478260869565,0.6363636363636364,0.3695652173913043,0.5
31.0,0.7058823529411765,0.7333333333333333,0.6938775510204082,0.3043478260869565,0.6363636363636364,0.3695652173913043,0.5
8.0,0.7647058823529411,0.8222222222222222,0.5510204081632653,0.5434782608695652,0.3636363636363636,0.4130434782608695,0.6363636363636364
5.0,0.6470588235294118,1.0,0.4489795918367347,0.4565217391304347,0.4545454545454545,0.3152173913043478,0.5227272727272727
2.0,0.5686274509803921,0.6222222222222222,0.5306122448979592,0.2826086956521739,0.2954545454545454,0.5,0.3636363636363636
