label,Beacon_1,Beacon_2,Beacon_3,Beacon_4,Beacon_5,Beacon_6,Beacon_7
12.0,0.4901960784313725,0.6666666666666666,0.5714285714285714,0.6739130434782609,0.25,0.6739130434782609,0.75
15.0,0.5294117647058824,0.2222222222222222,0.673469387755102,0.6521739130434783,0.4772727272727273,0.4347826086956521,0.7954545454545454
18.0,0.3333333333333333,0.4,0.6938775510204082,0.8913043478260869,0.4545454545454545,0.4130434782608695,0.7727272727272727
36.0,0.6666666666666666,0.4444444444444444,0.4693877551020408,0.8260869565217391,0.7272727272727273,0.4347826086956521,0.8409090909090909
36.0,0.6666666666666666,0.4444444444444444,0.4693877551020408,0.8260869565217391,0.7272727272727273,0.4347826086956521,0.8409090909090909
18.0,0.3333333333333333,0.4,0.6938775510204082,0.8913043478260869,0.4545454545454545,0.4130434782608695,0.7727272727272727
15.0,0.5294117647058824,0.2222222222222222,0.673469387755102,0.6521739130434783,0.4772727272727273,0.4347826086956521,0.7954545454545454
12.0,0.4901960784313725,0.6666666666666666,0.5714285714285714,0.6739130434782609,0.25,0.6739130434782609,0.75
