label,Beacon_1,Beacon_2,Beacon_3,Beacon_4,Beacon_5,Beacon_6,Beacon_7
2.0,0.4888888888888889,0.4888888888888889,0.3043478260869565,0.4222222222222222,0.5869565217391305,0.2203389830508474,0.5094339622641509
5.0,0.6666666666666666,0.6222222222222222,0.0652173913043478,0.5111111111111111,0.2742474916387959,0.3050847457627119,0.5849056603773585
8.0,0.5777777777777777,0.4666666666666667,0.7391304347826086,0.6444444444444445,0.6956521739130435,0.1525423728813559,0.4716981132075472
31.0,0.7111111111111111,0.6222222222222222,0.4782608695652174,0.5555555555555556,0.717391304347826,0.3389830508474576,0.5660377358490566
31.0,0.7111111111111111,0.6222222222222222,0.4782608695652174,0.5555555555555556,0.717391304347826,0.3389830508474576,0.5660377358490566
8.0,0.5777777777777777,0.4666666666666667,0.7391304347826086,0.6444444444444445,0.6956521739130435,0.1525423728813559,0.4716981132075472
5.0,0.6666666666666666,0.6222222222222222,0.0652173913043478,0.5111111111111111,0.2742474916387959,0.3050847457627119,0.5849056603773585
2.0,0.4888888888888889,0.4888888888888889,0.3043478260869565,0.4222222222222222,0.5869565217391305,0.2203389830508474,0.5094339622641509
