label,Beacon_1,Beacon_2,Beacon_3,Beacon_4,Beacon_5,Beacon_6,Beacon_7
12.0,0.4,0.7111111111111111,0.6956521739130435,0.8444444444444444,0.5652173913043478,0.2203389830508474,0.7169811320754716
15.0,0.4666666666666667,0.7777777777777778,0.6956521739130435,0.8222222222222222,0.5434782608695652,0.5254237288135594,0.7358490566037735
18.0,0.6222222222222222,0.6444444444444445,0.5434782608695652,0.6962962962962963,0.6304347826086957,0.3728813559322034,0.8679245283018868
36.0,0.6444444444444445,0.6222222222222222,0.8260869565217391,0.6666666666666666,0.717391304347826,0.3220338983050847,0.4716981132075472
36.0,0.6444444444444445,0.6222222222222222,0.8260869565217391,0.6666666666666666,0.717391304347826,0.3220338983050847,0.4716981132075472
18.0,0.6222222222222222,0.6444444444444445,0.5434782608695652,0.6962962962962963,0.6304347826086957,0.3728813559322034,0.8679245283018868
15.0,0.4666666666666667,0.7777777777777778,0.6956521739130435,0.8222222222222222,0.5434782608695652,0.5254237288135594,0.7358490566037735
12.0,0.4,0.7111111111111111,0.6956521739130435,0.8444444444444444,0.5652173913043478,0.2203389830508474,0.7169811320754716
