label,Beacon_1,Beacon_2,Beacon_3,Beacon_4,Beacon_5,Beacon_6,Beacon_7
22.0,0.2222222222222222,0.0444444444444444,0.4130434782608695,0.5555555555555556,0.5434782608695652,0.8135593220338984,0.4339622641509434
25.0,0.2666666666666666,0.0,0.4565217391304347,0.5111111111111111,0.717391304347826,0.6101694915254238,0.6415094339622641
28.0,0.4,0.5777777777777777,0.5,0.4666666666666667,0.717391304347826,0.559322033898305,0.5660377358490566
41.0,0.5333333333333333,0.4444444444444444,0.8260869565217391,0.6222222222222222,0.8695652173913043,0.559322033898305,0.4716981132075472
41.0,0.5333333333333333,0.4444444444444444,0.8260869565217391,0.6222222222222222,0.8695652173913043,0.559322033898305,0.4716981132075472
28.0,0.4,0.5777777777777777,0.5,0.4666666666666667,0.717391304347826,0.559322033898305,0.5660377358490566
25.0,0.2666666666666666,0.0,0.4565217391304347,0.5111111111111111,0.717391304347826,0.6101694915254238,0.6415094339622641
22.0,0.2222222222222222,0.0444444444444444,0.4130434782608695,0.5555555555555556,0.5434782608695652,0.8135593220338984,0.4339622641509434
