label,Beacon_1,Beacon_2,Beacon_3,Beacon_4,Beacon_5,Beacon_6,Beacon_7
22.0,0.2619047619047619,0.1521739130434782,0.2790697674418604,0.717391304347826,0.6,0.7291666666666666,0.48
25.0,0.2619047619047619,0.6086956521739131,0.3255813953488372,0.6086956521739131,0.775,0.7291666666666666,0.4
28.0,0.4761904761904761,0.3043478260869565,0.4418604651162791,0.6956521739130435,0.625,0.5833333333333334,0.38
41.0,0.5238095238095238,0.5652173913043478,0.6046511627906976,0.6304347826086957,0.275,0.5625,0.14
41.0,0.5238095238095238,0.5652173913043478,0.6046511627906976,0.6304347826086957,0.275,0.5625,0.14
28.0,0.4761904761904761,0.3043478260869565,0.4418604651162791,0.6956521739130435,0.625,0.5833333333333334,0.38
25.0,0.2619047619047619,0.6086956521739131,0.3255813953488372,0.6086956521739131,0.775,0.7291666666666666,0.4
22.0,0.2619047619047619,0.1521739130434782,0.2790697674418604,0.717391304347826,0.6,0.7291666666666666,0.48
