label,Beacon_1,Beacon_2,Beacon_3,Beacon_4,Beacon_5,Beacon_6,Beacon_7
12.0,0.4761904761904761,0.717391304347826,0.7209302325581395,0.8260869565217391,0.625,0.3541666666666667,0.66
15.0,0.4285714285714285,0.5869565217391305,0.7906976744186046,0.6739130434782609,0.55,0.375,0.94
18.0,0.7142857142857143,0.5652173913043478,0.7209302325581395,0.6086956521739131,0.7,0.5416666666666666,0.66
36.0,0.8095238095238095,0.5,0.627906976744186,0.6521739130434783,0.2,0.3541666666666667,0.56
36.0,0.8095238095238095,0.5,0.627906976744186,0.6521739130434783,0.2,0.3541666666666667,0.56
18.0,0.7142857142857143,0.5652173913043478,0.7209302325581395,0.6086956521739131,0.7,0.5416666666666666,0.66
15.0,0.4285714285714285,0.5869565217391305,0.7906976744186046,0.6739130434782609,0.55,0.375,0.94
12.0,0.4761904761904761,0.717391304347826,0.7209302325581395,0.8260869565217391,0.625,0.3541666666666667,0.66
