label,Beacon_1,Beacon_2,Beacon_3,Beacon_4,Beacon_5,Beacon_6,Beacon_7
12.0,0.5384615384615384,0.6190476190476191,0.15,0.7755102040816326,0.5348837209302325,0.4186046511627907,0.6379310344827587
15.0,0.358974358974359,0.2142857142857142,0.5,0.7551020408163265,0.6511627906976745,0.4651162790697674,0.8275862068965517
18.0,0.4615384615384615,0.5952380952380952,0.625,0.5102040816326531,0.6744186046511628,0.3953488372093023,0.5
36.0,0.8461538461538461,0.6666666666666666,0.65,0.673469387755102,0.1860465116279069,0.5116279069767442,0.6724137931034483
36.0,0.8461538461538461,0.6666666666666666,0.65,0.673469387755102,0.1860465116279069,0.5116279069767442,0.6724137931034483
18.0,0.4615384615384615,0.5952380952380952,0.625,0.5102040816326531,0.6744186046511628,0.3953488372093023,0.5
15.0,0.358974358974359,0.2142857142857142,0.5,0.7551020408163265,0.6511627906976745,0.4651162790697674,0.8275862068965517
12.0,0.5384615384615384,0.6190476190476191,0.15,0.7755102040816326,0.5348837209302325,0.4186046511627907,0.6379310344827587
