label,Beacon_1,Beacon_2,Beacon_3,Beacon_4,Beacon_5,Beacon_6,Beacon_7
2.0,0.3846153846153846,0.6904761904761905,0.175,0.5306122448979592,0.4186046511627907,0.0,0.5344827586206896
5.0,0.5897435897435898,0.5238095238095238,0.275,0.5510204081632653,0.4651162790697674,0.3720930232558139,0.5517241379310345
8.0,0.6153846153846154,0.5476190476190477,0.5,0.5918367346938775,0.5813953488372093,0.3953488372093023,0.4655172413793103
31.0,0.8717948717948718,0.6428571428571429,0.7,0.4693877551020408,0.4418604651162791,0.3720930232558139,0.5172413793103449
31.0,0.8717948717948718,0.6428571428571429,0.7,0.4693877551020408,0.4418604651162791,0.3720930232558139,0.5172413793103449
8.0,0.6153846153846154,0.5476190476190477,0.5,0.5918367346938775,0.5813953488372093,0.3953488372093023,0.4655172413793103
5.0,0.5897435897435898,0.5238095238095238,0.275,0.5510204081632653,0.4651162790697674,0.3720930232558139,0.5517241379310345
2.0,0.3846153846153846,0.6904761904761905,0.175,0.5306122448979592,0.4186046511627907,0.0,0.5344827586206896
