label,Beacon_1,Beacon_2,Beacon_3,Beacon_4,Beacon_5,Beacon_6,Beacon_7
22.0,0.282051282051282,0.3809523809523809,0.375,0.5102040816326531,0.4418604651162791,0.8837209302325582,0.4137931034482758
25.0,0.5128205128205128,0.6428571428571429,0.4,0.6938775510204082,0.4418604651162791,0.5348837209302325,0.5689655172413793
28.0,0.0512820512820512,0.5,0.125,0.4693877551020408,0.5116279069767442,0.3953488372093023,0.3793103448275862
41.0,0.6923076923076923,0.2142857142857142,0.225,0.4489795918367347,0.1395348837209302,0.627906976744186,0.4655172413793103
41.0,0.6923076923076923,0.2142857142857142,0.225,0.4489795918367347,0.1395348837209302,0.627906976744186,0.4655172413793103
28.0,0.0512820512820512,0.5,0.125,0.4693877551020408,0.5116279069767442,0.3953488372093023,0.3793103448275862
25.0,0.5128205128205128,0.6428571428571429,0.4,0.6938775510204082,0.4418604651162791,0.5348837209302325,0.5689655172413793
22.0,0.282051282051282,0.3809523809523809,0.375,0.5102040816326531,0.4418604651162791,0.8837209302325582,0.4137931034482758
