label,Beacon_1,Beacon_2,Beacon_3,Beacon_4,Beacon_5,Beacon_6,Beacon_7
12.0,0.4166666666666667,0.4594594594594595,0.5116279069767442,0.6170212765957447,0.1794871794871795,0.2888888888888888,0.7209302325581395
15.0,0.4444444444444444,0.5945945945945946,0.5813953488372093,0.6382978723404256,0.4871794871794871,0.4666666666666667,0.7441860465116279
18.0,0.7222222222222222,0.6486486486486487,0.2325581395348837,0.5319148936170213,0.6153846153846154,0.3111111111111111,0.7209302325581395
36.0,0.9722222222222222,0.7027027027027027,0.7209302325581395,0.6595744680851063,0.7435897435897436,0.4,0.4883720930232558
36.0,0.9722222222222222,0.7027027027027027,0.7209302325581395,0.6595744680851063,0.7435897435897436,0.4,0.4883720930232558
18.0,0.7222222222222222,0.6486486486486487,0.2325581395348837,0.5319148936170213,0.6153846153846154,0.3111111111111111,0.7209302325581395
15.0,0.4444444444444444,0.5945945945945946,0.5813953488372093,0.6382978723404256,0.4871794871794871,0.4666666666666667,0.7441860465116279
12.0,0.4166666666666667,0.4594594594594595,0.5116279069767442,0.6170212765957447,0.1794871794871795,0.2888888888888888,0.7209302325581395
