label,Beacon_1,Beacon_2,Beacon_3,Beacon_4,Beacon_5,Beacon_6,Beacon_7
22.0,0.3611111111111111,0.3783783783783784,0.3953488372093023,0.6808510638297872,0.4871794871794871,0.7777777777777778,0.3488372093023256
25.0,0.4583333333333333,0.2162162162162162,0.3720930232558139,0.5106382978723404,0.4102564102564102,0.7111111111111111,0.4651162790697674
28.0,0.4722222222222222,0.1891891891891892,0.3023255813953488,0.4680851063829787,0.4358974358974359,0.3777777777777777,0.3953488372093023
41.0,0.6388888888888888,0.3783783783783784,0.627906976744186,0.4042553191489361,0.8461538461538461,0.7111111111111111,0.0
41.0,0.6388888888888888,0.3783783783783784,0.627906976744186,0.4042553191489361,0.8461538461538461,0.7111111111111111,0.0
28.0,0.4722222222222222,0.1891891891891892,0.3023255813953488,0.4680851063829787,0.4358974358974359,0.3777777777777777,0.3953488372093023
25.0,0.4583333333333333,0.2162162162162162,0.3720930232558139,0.5106382978723404,0.4102564102564102,0.7111111111111111,0.4651162790697674
22.0,0.3611111111111111,0.3783783783783784,0.3953488372093023,0.6808510638297872,0.4871794871794871,0.7777777777777778,0.3488372093023256
