label,Beacon_1,Beacon_2,Beacon_3,Beacon_4,Beacon_5,Beacon_6,Beacon_7
2.0,0.7222222222222222,0.8918918918918919,0.4651162790697674,0.3191489361702128,0.4358974358974359,0.2444444444444444,0.4883720930232558
5.0,0.0833333333333333,0.5405405405405406,0.4418604651162791,0.5106382978723404,0.4358974358974359,0.2444444444444444,0.3720930232558139
8.0,0.6666666666666666,0.5945945945945946,0.6046511627906976,0.2765957446808511,0.5897435897435898,0.3111111111111111,0.2558139534883721
31.0,0.9444444444444444,0.7297297297297297,0.2325581395348837,0.5106382978723404,0.358974358974359,0.4,0.4883720930232558
31.0,0.9444444444444444,0.7297297297297297,0.2325581395348837,0.5106382978723404,0.358974358974359,0.4,0.4883720930232558
8.0,0.6666666666666666,0.5945945945945946,0.6046511627906976,0.2765957446808511,0.5897435897435898,0.3111111111111111,0.2558139534883721
5.0,0.0833333333333333,0.5405405405405406,0.4418604651162791,0.5106382978723404,0.4358974358974359,0.2444444444444444,0.3720930232558139
2.0,0.7222222222222222,0.8918918918918919,0.4651162790697674,0.3191489361702128,0.4358974358974359,0.2444444444444444,0.4883720930232558
