label,Beacon_1,Beacon_2,Beacon_3,Beacon_4,Beacon_5,Beacon_6,Beacon_7
22.0,0.3571428571428571,0.4,0.3555555555555555,0.5925925925925926,0.45,0.8627450980392157,0.5777777777777777
25.0,0.3571428571428571,0.6666666666666666,0.2666666666666666,0.5370370370370371,0.175,0.8823529411764706,0.5555555555555556
28.0,0.4285714285714285,0.5555555555555556,0.3111111111111111,0.5185185185185185,0.7,0.7450980392156863,0.5555555555555556
41.0,0.5,0.4,0.5555555555555556,0.4814814814814814,0.925,0.4705882352941176,0.5111111111111111
41.0,0.5,0.4,0.5555555555555556,0.4814814814814814,0.925,0.4705882352941176,0.5111111111111111
28.0,0.4285714285714285,0.5555555555555556,0.3111111111111111,0.5185185185185185,0.7,0.7450980392156863,0.5555555555555556
25.0,0.3571428571428571,0.6666666666666666,0.2666666666666666,0.5370370370370371,0.175,0.8823529411764706,0.5555555555555556
22.0,0.3571428571428571,0.4,0.3555555555555555,0.5925925925925926,0.45,0.8627450980392157,0.5777777777777777
