label,Beacon_1,Beacon_2,Beacon_3,Beacon_4,Beacon_5,Beacon_6,Beacon_7
2.0,0.5,0.7333333333333333,0.5555555555555556,0.4074074074074074,0.225,0.2745098039215686,0.3777777777777777
5.0,0.4523809523809524,0.8888888888888888,0.4888888888888889,0.4629629629629629,0.5479591836734695,0.4705882352941176,0.6888888888888889
8.0,0.4523809523809524,0.6,0.4,0.5185185185185185,0.475,0.3529411764705882,0.6666666666666666
31.0,0.7380952380952381,0.3555555555555555,0.6,0.5,0.325,0.392156862745098,0.4
31.0,0.7380952380952381,0.3555555555555555,0.6,0.5,0.325,0.392156862745098,0.4
8.0,0.4523809523809524,0.6,0.4,0.5185185185185185,0.475,0.3529411764705882,0.6666666666666666
5.0,0.4523809523809524,0.8888888888888888,0.4888888888888889,0.4629629629629629,0.5479591836734695,0.4705882352941176,0.6888888888888889
2.0,0.5,0.7333333333333333,0.5555555555555556,0.4074074074074074,0.225,0.2745098039215686,0.3777777777777777
