label,Beacon_1,Beacon_2,Beacon_3,Beacon_4,Beacon_5,Beacon_6,Beacon_7
2.0,0.65,0.7288135593220338,0.4727272727272727,0.3888888888888889,0.4,0.3220338983050847,0.4754098360655737
5.0,0.72,0.6440677966101694,0.509090909090909,0.4444444444444444,0.2888888888888888,0.135593220338983,0.5081967213114754
8.0,0.64,0.5932203389830508,0.4545454545454545,0.2962962962962963,0.2888888888888888,0.1525423728813559,0.4918032786885246
31.0,0.78,0.3898305084745763,0.6,0.074074074074074,0.4444444444444444,0.2372881355932203,0.3934426229508196
31.0,0.78,0.3898305084745763,0.6,0.074074074074074,0.4444444444444444,0.2372881355932203,0.3934426229508196
8.0,0.64,0.5932203389830508,0.4545454545454545,0.2962962962962963,0.2888888888888888,0.1525423728813559,0.4918032786885246
5.0,0.72,0.6440677966101694,0.509090909090909,0.4444444444444444,0.2888888888888888,0.135593220338983,0.5081967213114754
2.0,0.65,0.7288135593220338,0.4727272727272727,0.3888888888888889,0.4,0.3220338983050847,0.4754098360655737
