label,Beacon_1,Beacon_2,Beacon_3,Beacon_4,Beacon_5,Beacon_6,Beacon_7
12.0,0.5,0.6610169491525424,0.5272727272727272,0.8148148148148148,0.5333333333333333,0.4745762711864407,0.5245901639344263
15.0,0.48,0.4915254237288136,0.7636363636363637,0.5740740740740741,0.4888888888888889,0.4576271186440678,0.7540983606557377
18.0,0.32,0.4576271186440678,0.7454545454545455,0.2407407407407407,0.5333333333333333,0.1694915254237288,0.639344262295082
36.0,0.5,0.2203389830508474,0.7636363636363637,0.6481481481481481,0.1555555555555555,0.4915254237288136,0.5508196721311476
36.0,0.5,0.2203389830508474,0.7636363636363637,0.6481481481481481,0.1555555555555555,0.4915254237288136,0.5508196721311476
18.0,0.32,0.4576271186440678,0.7454545454545455,0.2407407407407407,0.5333333333333333,0.1694915254237288,0.639344262295082
15.0,0.48,0.4915254237288136,0.7636363636363637,0.5740740740740741,0.4888888888888889,0.4576271186440678,0.7540983606557377
12.0,0.5,0.6610169491525424,0.5272727272727272,0.8148148148148148,0.5333333333333333,0.4745762711864407,0.5245901639344263
