label,Beacon_1,Beacon_2,Beacon_3,Beacon_4,Beacon_5,Beacon_6,Beacon_7
22.0,0.44,0.3050847457627119,0.4969696969696969,0.3333333333333333,0.7333333333333333,0.711864406779661,0.3114754098360656
25.0,0.48,0.4576271186440678,0.4,0.5,0.6,0.5254237288135594,0.3442622950819672
28.0,0.52,0.2203389830508474,0.5454545454545454,0.3888888888888889,0.7555555555555555,0.5084745762711864,0.360655737704918
41.0,0.6,0.3389830508474576,0.5818181818181818,0.1851851851851851,0.8444444444444444,0.3898305084745763,0.2622950819672131
41.0,0.6,0.3389830508474576,0.5818181818181818,0.1851851851851851,0.8444444444444444,0.3898305084745763,0.2622950819672131
28.0,0.52,0.2203389830508474,0.5454545454545454,0.3888888888888889,0.7555555555555555,0.5084745762711864,0.360655737704918
25.0,0.48,0.4576271186440678,0.4,0.5,0.6,0.5254237288135594,0.3442622950819672
22.0,0.44,0.3050847457627119,0.4969696969696969,0.3333333333333333,0.7333333333333333,0.711864406779661,0.3114754098360656
