label,Beacon_1,Beacon_2,Beacon_3,Beacon_4,Beacon_5,Beacon_6,Beacon_7
2.0,0.45,0.782608695652174,0.4102564102564102,0.4473684210526316,0.5135135135135135,0.1632653061224489,0.4444444444444444
5.0,0.6,0.717391304347826,0.5128205128205128,0.4649122807017545,0.5135135135135135,0.2040816326530612,0.3555555555555555
8.0,0.65,0.6956521739130435,0.7692307692307693,0.1578947368421052,0.5135135135135135,0.0816326530612244,0.4444444444444444
31.0,1.0,0.7391304347826086,0.6666666666666666,0.3157894736842105,0.2432432432432432,0.3265306122448979,0.4444444444444444
31.0,1.0,0.7391304347826086,0.6666666666666666,0.3157894736842105,0.2432432432432432,0.3265306122448979,0.4444444444444444
8.0,0.65,0.6956521739130435,0.7692307692307693,0.1578947368421052,0.5135135135135135,0.0816326530612244,0.4444444444444444
5.0,0.6,0.717391304347826,0.5128205128205128,0.4649122807017545,0.5135135135135135,0.2040816326530612,0.3555555555555555
2.0,0.45,0.782608695652174,0.4102564102564102,0.4473684210526316,0.5135135135135135,0.1632653061224489,0.4444444444444444
