label,Beacon_1,Beacon_2,Beacon_3,Beacon_4,Beacon_5,Beacon_6,Beacon_7
22.0,0.25,0.391304347826087,0.282051282051282,0.5526315789473685,0.6756756756756757,0.673469387755102,0.3333333333333333
25.0,0.35,0.4347826086956521,0.1538461538461538,0.6052631578947368,0.6216216216216216,0.7142857142857143,0.4666666666666667
28.0,0.35,0.5,0.3333333333333333,0.5,0.7297297297297297,0.3877551020408163,0.4666666666666667
41.0,0.525,0.2608695652173913,0.1538461538461538,0.3947368421052631,0.7567567567567568,0.5510204081632653,0.3777777777777777
41.0,0.525,0.2608695652173913,0.1538461538461538,0.3947368421052631,0.7567567567567568,0.5510204081632653,0.3777777777777777
28.0,0.35,0.5,0.3333333333333333,0.5,0.7297297297297297,0.3877551020408163,0.4666666666666667
25.0,0.35,0.4347826086956521,0.1538461538461538,0.6052631578947368,0.6216216216216216,0.7142857142857143,0.4666666666666667
22.0,0.25,0.391304347826087,0.282051282051282,0.5526315789473685,0.6756756756756757,0.673469387755102,0.3333333333333333
