label,Beacon_1,Beacon_2,Beacon_3,Beacon_4,Beacon_5,Beacon_6,Beacon_7
12.0,0.275,0.5434782608695652,0.1794871794871795,0.5,0.2702702702702703,0.4285714285714285,0.3777777777777777
15.0,0.425,0.6521739130434783,0.5384615384615384,0.6578947368421053,0.5135135135135135,0.4693877551020408,0.8222222222222222
18.0,0.6,0.3043478260869565,0.6410256410256411,0.631578947368421,0.6486486486486487,0.3673469387755102,1.0
36.0,0.775,0.3695652173913043,0.8974358974358975,0.7105263157894737,0.7297297297297297,0.3673469387755102,0.3333333333333333
36.0,0.775,0.3695652173913043,0.8974358974358975,0.7105263157894737,0.7297297297297297,0.3673469387755102,0.3333333333333333
18.0,0.6,0.3043478260869565,0.6410256410256411,0.631578947368421,0.6486486486486487,0.3673469387755102,1.0
15.0,0.425,0.6521739130434783,0.5384615384615384,0.6578947368421053,0.5135135135135135,0.4693877551020408,0.8222222222222222
12.0,0.275,0.5434782608695652,0.1794871794871795,0.5,0.2702702702702703,0.4285714285714285,0.3777777777777777
