label,Beacon_1,Beacon_2,Beacon_3,Beacon_4,Beacon_5,Beacon_6,Beacon_7
2.0,0.6888888888888889,0.8627450980392157,0.3255813953488372,0.4285714285714285,0.2244897959183673,0.09375,0.2765957446808511
5.0,0.6222222222222222,0.8431372549019608,0.4883720930232558,0.5102040816326531,0.1516034985422741,0.3125,0.574468085106383
8.0,0.8222222222222222,0.7058823529411765,0.6511627906976745,0.5306122448979592,0.3469387755102041,0.21875,0.574468085106383
31.0,0.8666666666666667,0.5686274509803921,0.6046511627906976,0.5918367346938775,0.5918367346938775,0.296875,0.574468085106383
31.0,0.8666666666666667,0.5686274509803921,0.6046511627906976,0.5918367346938775,0.5918367346938775,0.296875,0.574468085106383
8.0,0.8222222222222222,0.7058823529411765,0.6511627906976745,0.5306122448979592,0.3469387755102041,0.21875,0.574468085106383
5.0,0.6222222222222222,0.8431372549019608,0.4883720930232558,0.5102040816326531,0.1516034985422741,0.3125,0.574468085106383
2.0,0.6888888888888889,0.8627450980392157,0.3255813953488372,0.4285714285714285,0.2244897959183673,0.09375,0.2765957446808511
