label,Beacon_1,Beacon_2,Beacon_3,Beacon_4,Beacon_5,Beacon_6,Beacon_7
22.0,0.4888888888888889,0.4705882352941176,0.4186046511627907,0.4081632653061224,0.3265306122448979,0.734375,0.5531914893617021
25.0,0.4444444444444444,0.6862745098039216,0.4883720930232558,0.6530612244897959,0.7142857142857143,0.625,0.574468085106383
28.0,0.5777777777777777,0.4901960784313725,0.3720930232558139,0.5918367346938775,0.6326530612244898,0.421875,0.723404255319149
41.0,0.6,0.4901960784313725,0.5116279069767442,0.1224489795918367,0.6938775510204082,0.265625,0.5531914893617021
41.0,0.6,0.4901960784313725,0.5116279069767442,0.1224489795918367,0.6938775510204082,0.265625,0.5531914893617021
28.0,0.5777777777777777,0.4901960784313725,0.3720930232558139,0.5918367346938775,0.6326530612244898,0.421875,0.723404255319149
25.0,0.4444444444444444,0.6862745098039216,0.4883720930232558,0.6530612244897959,0.7142857142857143,0.625,0.574468085106383
22.0,0.4888888888888889,0.4705882352941176,0.4186046511627907,0.4081632653061224,0.3265306122448979,0.734375,0.5531914893617021
