label,Beacon_1,Beacon_2,Beacon_3,Beacon_4,Beacon_5,Beacon_6,Beacon_7
12.0,0.4666666666666667,0.803921568627451,0.5581395348837209,0.8571428571428571,0.5510204081632653,0.28125,0.8297872340425532
15.0,0.1111111111111111,0.4313725490196078,0.6511627906976745,0.6326530612244898,0.4489795918367347,0.453125,0.7659574468085106
18.0,0.6444444444444445,0.6078431372549019,0.3488372093023256,0.7142857142857143,0.6326530612244898,0.4375,0.8936170212765957
36.0,0.6888888888888889,0.5294117647058824,0.9302325581395348,0.6122448979591837,0.6530612244897959,0.28125,0.7872340425531915
36.0,0.6888888888888889,0.5294117647058824,0.9302325581395348,0.6122448979591837,0.6530612244897959,0.28125,0.7872340425531915
18.0,0.6444444444444445,0.6078431372549019,0.3488372093023256,0.7142857142857143,0.6326530612244898,0.4375,0.8936170212765957
15.0,0.1111111111111111,0.4313725490196078,0.6511627906976745,0.6326530612244898,0.4489795918367347,0.453125,0.7659574468085106
12.0,0.4666666666666667,0.803921568627451,0.5581395348837209,0.8571428571428571,0.5510204081632653,0.28125,0.8297872340425532
