label,Beacon_1,Beacon_2,Beacon_3,Beacon_4,Beacon_5,Beacon_6,Beacon_7
21.0,0.3555555555555555,0.3529411764705882,0.3720930232558139,0.5918367346938775,0.6326530612244898,0.9375,0.5106382978723404
41.0,0.6,0.4901960784313725,0.5116279069767442,0.1224489795918367,0.6938775510204082,0.265625,0.5531914893617021
36.0,0.6888888888888889,0.5294117647058824,0.9302325581395348,0.6122448979591837,0.6530612244897959,0.28125,0.7872340425531915
16.0,0.6888888888888889,0.5686274509803921,0.7674418604651163,0.7142857142857143,0.2653061224489796,0.28125,0.9574468085106383
11.0,0.3333333333333333,0.5294117647058824,0.4883720930232558,0.979591836734694,0.5918367346938775,0.390625,0.723404255319149
1.0,0.5777777777777777,0.9803921568627452,0.5813953488372093,0.5306122448979592,0.3673469387755102,0.109375,0.6382978723404256
31.0,0.8666666666666667,0.5686274509803921,0.6046511627906976,0.5918367346938775,0.5918367346938775,0.296875,0.574468085106383
