label,Beacon_1,Beacon_2,Beacon_3,Beacon_4,Beacon_5,Beacon_6,Beacon_7
31.0,0.48484848484848486,0.9166666666666666,0.375,0.5945945945945946,0.8620689655172413,0.7428571428571429,0.5555555555555556
32.0,0.6666666666666666,0.5416666666666666,0.375,0.5945945945945946,0.4827586206896552,0.6285714285714286,0.6296296296296297
34.0,0.36363636363636365,0.5416666666666666,1.0,0.4864864864864865,0.7586206896551724,0.6285714285714286,0.5555555555555556
35.0,0.8181818181818182,0.875,0.7083333333333334,0.8378378378378378,0.8620689655172413,0.6857142857142857,0.8888888888888888
36.0,0.696969696969697,0.5833333333333334,0.875,0.7837837837837838,0.27586206896551724,0.6571428571428571,1.0
37.0,0.48484848484848486,0.041666666666666664,0.5,0.21621621621621623,0.10344827586206896,0.7714285714285715,0.8888888888888888
39.0,0.5151515151515151,0.625,0.16666666666666666,0.4144144144144143,0.20689655172413793,0.6571428571428571,0.7407407407407407
40.0,0.30303030303030304,0.8333333333333334,0.4166666666666667,0.7027027027027027,0.3793103448275862,0.9142857142857143,0.3333333333333333
41.0,0.30303030303030304,0.5416666666666666,0.16666666666666666,0.7567567567567568,0.4482758620689655,0.8,0.5555555555555556
