label,Beacon_1,Beacon_2,Beacon_3,Beacon_4,Beacon_5,Beacon_6,Beacon_7
22.0,0.0294117647058823,0.3333333333333333,0.1428571428571428,0.4042553191489361,0.5641025641025641,0.8636363636363636,0.3023255813953488
25.0,0.2352941176470588,0.4358974358974359,0.3095238095238095,0.4468085106382978,0.5897435897435898,0.6363636363636364,0.4186046511627907
28.0,0.5294117647058824,0.4615384615384615,0.1904761904761904,0.5319148936170213,0.5128205128205128,0.25,0.5116279069767442
41.0,0.5,0.4871794871794871,0.6428571428571429,0.574468085106383,0.8205128205128205,0.5454545454545454,0.4651162790697674
41.0,0.5,0.4871794871794871,0.6428571428571429,0.574468085106383,0.8205128205128205,0.5454545454545454,0.4651162790697674
28.0,0.5294117647058824,0.4615384615384615,0.1904761904761904,0.5319148936170213,0.5128205128205128,0.25,0.5116279069767442
25.0,0.2352941176470588,0.4358974358974359,0.3095238095238095,0.4468085106382978,0.5897435897435898,0.6363636363636364,0.4186046511627907
22.0,0.0294117647058823,0.3333333333333333,0.1428571428571428,0.4042553191489361,0.5641025641025641,0.8636363636363636,0.3023255813953488
