label,Beacon_1,Beacon_2,Beacon_3,Beacon_4,Beacon_5,Beacon_6,Beacon_7
12.0,0.2647058823529412,0.8717948717948718,0.5,0.7659574468085106,0.1025641025641025,0.25,0.6976744186046512
15.0,0.2647058823529412,0.4974358974358975,0.5476190476190477,0.6170212765957447,0.358974358974359,0.2727272727272727,0.7441860465116279
18.0,0.5882352941176471,0.3333333333333333,0.5238095238095238,0.5957446808510638,0.5128205128205128,0.3181818181818182,0.9302325581395348
36.0,0.7352941176470589,0.5384615384615384,0.8571428571428571,0.6595744680851063,0.6923076923076923,0.2045454545454545,0.6976744186046512
36.0,0.7352941176470589,0.5384615384615384,0.8571428571428571,0.6595744680851063,0.6923076923076923,0.2045454545454545,0.6976744186046512
18.0,0.5882352941176471,0.3333333333333333,0.5238095238095238,0.5957446808510638,0.5128205128205128,0.3181818181818182,0.9302325581395348
15.0,0.2647058823529412,0.4974358974358975,0.5476190476190477,0.6170212765957447,0.358974358974359,0.2727272727272727,0.7441860465116279
12.0,0.2647058823529412,0.8717948717948718,0.5,0.7659574468085106,0.1025641025641025,0.25,0.6976744186046512
