label,Beacon_1,Beacon_2,Beacon_3,Beacon_4,Beacon_5,Beacon_6,Beacon_7
2.0,0.5588235294117647,0.6153846153846154,0.5476190476190477,0.3617021276595745,0.0512820512820512,0.2272727272727272,0.5581395348837209
5.0,0.6470588235294118,0.6923076923076923,0.4523809523809524,0.4468085106382978,0.1025641025641025,0.3863636363636363,0.3720930232558139
8.0,0.5294117647058824,0.4615384615384615,0.7380952380952381,0.3829787234042553,0.4615384615384615,0.25,0.313953488372093
31.0,0.9411764705882352,0.6153846153846154,0.7857142857142857,0.453900709219858,0.5641025641025641,0.2045454545454545,0.4418604651162791
31.0,0.9411764705882352,0.6153846153846154,0.7857142857142857,0.453900709219858,0.5641025641025641,0.2045454545454545,0.4418604651162791
8.0,0.5294117647058824,0.4615384615384615,0.7380952380952381,0.3829787234042553,0.4615384615384615,0.25,0.313953488372093
5.0,0.6470588235294118,0.6923076923076923,0.4523809523809524,0.4468085106382978,0.1025641025641025,0.3863636363636363,0.3720930232558139
2.0,0.5588235294117647,0.6153846153846154,0.5476190476190477,0.3617021276595745,0.0512820512820512,0.2272727272727272,0.5581395348837209
