label,Beacon_1,Beacon_2,Beacon_3,Beacon_4,Beacon_5,Beacon_6,Beacon_7
12.0,0.5238095238095238,0.5897435897435898,0.7857142857142857,0.717391304347826,0.2857142857142857,0.2692307692307692,0.44
15.0,0.4523809523809524,0.6666666666666666,0.7857142857142857,0.3695652173913043,0.5142857142857142,0.4423076923076923,0.52
18.0,0.4523809523809524,0.4615384615384615,0.6904761904761905,0.7608695652173914,0.2,0.3846153846153846,0.9
36.0,0.5238095238095238,0.4102564102564102,0.7619047619047619,0.391304347826087,0.4,0.4038461538461538,0.78
36.0,0.5238095238095238,0.4102564102564102,0.7619047619047619,0.391304347826087,0.4,0.4038461538461538,0.78
18.0,0.4523809523809524,0.4615384615384615,0.6904761904761905,0.7608695652173914,0.2,0.3846153846153846,0.9
15.0,0.4523809523809524,0.6666666666666666,0.7857142857142857,0.3695652173913043,0.5142857142857142,0.4423076923076923,0.52
12.0,0.5238095238095238,0.5897435897435898,0.7857142857142857,0.717391304347826,0.2857142857142857,0.2692307692307692,0.44
