label,Beacon_1,Beacon_2,Beacon_3,Beacon_4,Beacon_5,Beacon_6,Beacon_7
2.0,0.6428571428571429,0.8974358974358975,0.5476190476190477,0.391304347826087,0.0857142857142857,0.0961538461538461,0.58
5.0,0.2857142857142857,0.7435897435897436,0.3571428571428571,0.5869565217391305,0.4571428571428571,0.3846153846153846,0.46
8.0,0.6428571428571429,0.2564102564102564,0.6904761904761905,0.6521739130434783,0.2,0.0,0.42
31.0,0.7619047619047619,0.5641025641025641,0.7619047619047619,0.5434782608695652,0.4571428571428571,0.2692307692307692,0.56
31.0,0.7619047619047619,0.5641025641025641,0.7619047619047619,0.5434782608695652,0.4571428571428571,0.2692307692307692,0.56
8.0,0.6428571428571429,0.2564102564102564,0.6904761904761905,0.6521739130434783,0.2,0.0,0.42
5.0,0.2857142857142857,0.7435897435897436,0.3571428571428571,0.5869565217391305,0.4571428571428571,0.3846153846153846,0.46
2.0,0.6428571428571429,0.8974358974358975,0.5476190476190477,0.391304347826087,0.0857142857142857,0.0961538461538461,0.58
