label,Beacon_1,Beacon_2,Beacon_3,Beacon_4,Beacon_5,Beacon_6,Beacon_7
22.0,0.3809523809523809,0.282051282051282,0.2857142857142857,0.6521739130434783,0.4285714285714285,0.75,0.48
25.0,0.4285714285714285,0.4871794871794871,0.4523809523809524,0.5,0.6571428571428571,0.6153846153846154,0.34
28.0,0.5,0.717948717948718,0.5,0.5,0.4285714285714285,0.3846153846153846,0.44
41.0,0.3095238095238095,0.2051282051282051,0.6428571428571429,0.6521739130434783,0.2285714285714285,0.6538461538461539,0.64
41.0,0.3095238095238095,0.2051282051282051,0.6428571428571429,0.6521739130434783,0.2285714285714285,0.6538461538461539,0.64
28.0,0.5,0.717948717948718,0.5,0.5,0.4285714285714285,0.3846153846153846,0.44
25.0,0.4285714285714285,0.4871794871794871,0.4523809523809524,0.5,0.6571428571428571,0.6153846153846154,0.34
22.0,0.3809523809523809,0.282051282051282,0.2857142857142857,0.6521739130434783,0.4285714285714285,0.75,0.48
