label,Beacon_1,Beacon_2,Beacon_3,Beacon_4,Beacon_5,Beacon_6,Beacon_7
22.0,0.5,0.0454545454545454,0.0975609756097561,0.4680851063829787,0.8653846153846154,0.4489795918367347,0.4871794871794871
25.0,0.2352941176470588,0.5,0.2439024390243902,0.5957446808510638,0.6538461538461539,0.2653061224489796,0.5128205128205128
28.0,0.5588235294117647,0.2045454545454545,0.2682926829268293,0.4893617021276595,0.4423076923076923,0.3673469387755102,0.5897435897435898
41.0,0.7352941176470589,0.3181818181818182,0.6585365853658537,0.3829787234042553,0.5384615384615384,0.3061224489795918,0.8205128205128205
41.0,0.7352941176470589,0.3181818181818182,0.6585365853658537,0.3829787234042553,0.5384615384615384,0.3061224489795918,0.8205128205128205
28.0,0.5588235294117647,0.2045454545454545,0.2682926829268293,0.4893617021276595,0.4423076923076923,0.3673469387755102,0.5897435897435898
25.0,0.2352941176470588,0.5,0.2439024390243902,0.5957446808510638,0.6538461538461539,0.2653061224489796,0.5128205128205128
22.0,0.5,0.0454545454545454,0.0975609756097561,0.4680851063829787,0.8653846153846154,0.4489795918367347,0.4871794871794871
