label,Beacon_1,Beacon_2,Beacon_3,Beacon_4,Beacon_5,Beacon_6,Beacon_7
12.0,0.4705882352941176,0.6590909090909091,0.4390243902439024,0.7659574468085106,0.5,0.6530612244897959,0.282051282051282
15.0,0.4411764705882353,0.4772727272727273,0.4146341463414634,0.7872340425531915,0.4615384615384615,0.7755102040816326,0.4871794871794871
18.0,0.8823529411764706,0.5227272727272727,0.4146341463414634,0.5531914893617021,0.4615384615384615,0.673469387755102,0.2564102564102564
36.0,0.7941176470588235,0.5227272727272727,0.7073170731707317,0.4893617021276595,0.3846153846153846,0.6326530612244898,0.6666666666666666
36.0,0.7941176470588235,0.5227272727272727,0.7073170731707317,0.4893617021276595,0.3846153846153846,0.6326530612244898,0.6666666666666666
18.0,0.8823529411764706,0.5227272727272727,0.4146341463414634,0.5531914893617021,0.4615384615384615,0.673469387755102,0.2564102564102564
15.0,0.4411764705882353,0.4772727272727273,0.4146341463414634,0.7872340425531915,0.4615384615384615,0.7755102040816326,0.4871794871794871
12.0,0.4705882352941176,0.6590909090909091,0.4390243902439024,0.7659574468085106,0.5,0.6530612244897959,0.282051282051282
