label,Beacon_1,Beacon_2,Beacon_3,Beacon_4,Beacon_5,Beacon_6,Beacon_7
2.0,0.6176470588235294,0.8863636363636364,0.3658536585365853,0.2340425531914893,0.1538461538461538,0.3877551020408163,0.282051282051282
5.0,0.6764705882352942,0.6136363636363636,0.4634146341463415,0.5106382978723404,0.3076923076923077,0.3265306122448979,0.4358974358974359
8.0,0.3529411764705882,0.6136363636363636,0.2926829268292683,0.5106382978723404,0.2692307692307692,0.4285714285714285,0.5384615384615384
31.0,0.6470588235294118,0.6590909090909091,0.6829268292682927,0.3617021276595745,0.2884615384615384,0.4285714285714285,0.358974358974359
31.0,0.6470588235294118,0.6590909090909091,0.6829268292682927,0.3617021276595745,0.2884615384615384,0.4285714285714285,0.358974358974359
8.0,0.3529411764705882,0.6136363636363636,0.2926829268292683,0.5106382978723404,0.2692307692307692,0.4285714285714285,0.5384615384615384
5.0,0.6764705882352942,0.6136363636363636,0.4634146341463415,0.5106382978723404,0.3076923076923077,0.3265306122448979,0.4358974358974359
2.0,0.6176470588235294,0.8863636363636364,0.3658536585365853,0.2340425531914893,0.1538461538461538,0.3877551020408163,0.282051282051282
